<?xml version="1.0" encoding="UTF-8"?><IBISWorkflow version="5.3">
  <Workflows>
    <WorkflowGroup>
      <WorkflowGroupName>DFCReplication</WorkflowGroupName>
      <Workflow version="head" workflowType="systemdiagram">
        <WorkflowName>DFCReplication_MultiSite_SD</WorkflowName>
        <WorkflowUId>-30e99c9d:14bbf27bf53:-7ffe</WorkflowUId>
        <CheckinComment>@@@Server: JpadDfcInubitV6lb1.ap-southeast-1.compute.internal@@@Version: 2@@@Export/Deployment: 20.04.2015 23:05:13@@@</CheckinComment>
        <IsActive>false</IsActive>
        <XPathVersion>1.0</XPathVersion>
        <WorkflowModule moduleType="sdExtSystem">
          <ModuleId>2133994154</ModuleId>
          <ModuleName>AS400 DB
KOR</ModuleName>
          <ParentModule moduleId="2133994181"/>
          <StyleSheet bgFillColor2="0000ccff" borderColor="330066ff" xPos="310" yPos="45"/>
          <Properties version="4.1">
            <Property name="ResourcesLinked" type="List">
              <Property name="Module">DB2ReplConn2</Property>
            </Property>
            <Property name="ResourceType">Database Connector</Property>
            <Property name="ResourceSettings" type="Map">
              <Property displayDescription="Die Datenbank URL" name="dbURL">jdbc:as400://172.30.152.40;prompt=false;naming=sql;errors=full;transaction isolation=none;date format=iso</Property>
              <Property displayDescription="Die Datenbanktreiber-Klasse" name="driverClass">com.ibm.as400.access.AS400JDBCDriver</Property>
              <Property name="user">AJBPMRPU</Property>
              <Property encrypted="true" name="Password" type="Password">oLG00DGCzgZMWon/I+j8Gg==</Property>
            </Property>
          </Properties>
        </WorkflowModule>
        <WorkflowModule moduleType="sdExtSystem">
          <ModuleId>2134002047</ModuleId>
          <ModuleName>AS400 DB
BRN</ModuleName>
          <ParentModule moduleId="2134002046"/>
          <StyleSheet bgFillColor2="0000ccff" borderColor="330066ff" xPos="790" yPos="45"/>
          <Properties version="4.1">
            <Property name="ResourcesLinked" type="List">
              <Property name="Module">DB2ReplConn5</Property>
            </Property>
            <Property name="ResourceType">Database Connector</Property>
            <Property name="ResourceSettings" type="Map">
              <Property displayDescription="Die Datenbank URL" name="dbURL">jdbc:as400://172.21.211.70;prompt=false;naming=sql;errors=full;transaction isolation=none;date format=iso</Property>
              <Property displayDescription="Die Datenbanktreiber-Klasse" name="driverClass">com.ibm.as400.access.AS400JDBCDriver</Property>
              <Property name="user">AJBPMRPU</Property>
              <Property encrypted="true" name="Password" type="Password">oLG00DGCzgZMWon/I+j8Gg==</Property>
            </Property>
          </Properties>
        </WorkflowModule>
        <WorkflowModule moduleType="sdExtSystem">
          <ModuleId>2133994132</ModuleId>
          <ModuleName>AS400 DB
JPN</ModuleName>
          <ParentModule moduleId="2133994187"/>
          <StyleSheet bgFillColor2="0000ccff" borderColor="330066ff" xPos="150" yPos="45"/>
          <Properties version="4.1">
            <Property name="ResourcesLinked" type="List">
              <Property name="Module">DB2ReplConn1</Property>
            </Property>
            <Property name="ResourceType">Database Connector</Property>
            <Property name="ResourceSettings" type="Map">
              <Property displayDescription="Die Datenbank URL" name="dbURL">jdbc:as400://172.21.80.140;prompt=false;naming=sql;errors=full;transaction isolation=none;date format=iso</Property>
              <Property displayDescription="Die Datenbanktreiber-Klasse" name="driverClass">com.ibm.as400.access.AS400JDBCDriver</Property>
              <Property name="user">AJBPMRPU</Property>
              <Property encrypted="true" name="Password" type="Password">oLG00DGCzgZMWon/I+j8Gg==</Property>
            </Property>
          </Properties>
        </WorkflowModule>
        <WorkflowModule moduleType="sdExtSystem">
          <ModuleId>2133994130</ModuleId>
          <ModuleName>AS400 JPN
Caller SP</ModuleName>
          <ParentModule moduleId="2133994187"/>
          <StyleSheet bgFillColor2="0000ccff" borderColor="330066ff" xPos="150" yPos="95"/>
          <Connection moduleOutId="2133994190">
            <ConnectionId>1</ConnectionId>
            <StyleSheet lineThickness="1.0" lineType="1">
              <Junctures>
                <Point xPos="190" yPos="125"/>
                <Point xPos="190" yPos="180"/>
                <Point xPos="830" yPos="180"/>
                <Point xPos="830" yPos="225"/>
              </Junctures>
            </StyleSheet>
          </Connection>
        </WorkflowModule>
        <WorkflowModule moduleType="sdExtSystem">
          <ModuleId>2134002048</ModuleId>
          <ModuleName>AS400 BRN
Caller SP</ModuleName>
          <ParentModule moduleId="2134002046"/>
          <StyleSheet bgFillColor2="0000ccff" borderColor="330066ff" xPos="790" yPos="95"/>
          <Connection moduleOutId="2133994190">
            <ConnectionId>51</ConnectionId>
            <StyleSheet lineThickness="1.0" lineType="1"/>
          </Connection>
        </WorkflowModule>
        <WorkflowModule moduleType="sdExtSystem">
          <ModuleId>2134014671</ModuleId>
          <ModuleName>MSBStaging
     DB</ModuleName>
          <ParentModule moduleId="2133994212"/>
          <StyleSheet bgFillColor2="ffff00ff" borderColor="cccc00ff" fontColor="000000ff" xPos="1610" yPos="605"/>
          <Properties version="4.1">
            <Property name="ResourcesLinked" type="List">
              <Property name="Module">SQLReplConn10</Property>
            </Property>
            <Property name="ResourceType">Database Connector</Property>
            <Property name="ResourceSettings" type="Map">
              <Property displayDescription="Die Datenbank URL" name="dbURL">jdbc:sqlserver://jpaddfctestrds2.ckxauzryjl2d.ap-southeast-1.rds.amazonaws.com;DatabaseName=PHLStaging;SelectMethod=cursor</Property>
              <Property displayDescription="Die Datenbanktreiber-Klasse" name="driverClass">com.microsoft.sqlserver.jdbc.SQLServerDriver</Property>
              <Property name="user">BPMDFCUser</Property>
              <Property encrypted="true" name="Password" type="Password">fnzQhcX9vymAyMifzrAx5Q==</Property>
            </Property>
          </Properties>
        </WorkflowModule>
        <WorkflowModule moduleType="sdExtSystem">
          <ModuleId>2134002050</ModuleId>
          <ModuleName>AS400 DB
SGP</ModuleName>
          <ParentModule moduleId="2134002049"/>
          <StyleSheet bgFillColor2="0000ccff" borderColor="330066ff" xPos="950" yPos="45"/>
          <Properties version="4.1">
            <Property name="ResourcesLinked" type="List">
              <Property name="Module">DB2ReplConn6</Property>
            </Property>
            <Property name="ResourceType">Database Connector</Property>
            <Property name="ResourceSettings" type="Map">
              <Property displayDescription="Die Datenbank URL" name="dbURL">jdbc:as400://172.21.211.70;prompt=false;naming=sql;errors=full;transaction isolation=none;date format=iso</Property>
              <Property displayDescription="Die Datenbanktreiber-Klasse" name="driverClass">com.ibm.as400.access.AS400JDBCDriver</Property>
              <Property name="user">AJBPMRPU</Property>
              <Property encrypted="true" name="Password" type="Password">oLG00DGCzgZMWon/I+j8Gg==</Property>
            </Property>
          </Properties>
        </WorkflowModule>
        <WorkflowModule moduleType="sdInubitIS">
          <ModuleId>2133994191</ModuleId>
          <ModuleName>inubit IS
jpwl314:6001</ModuleName>
          <ParentModule moduleId="2133994188"/>
          <StyleSheet labelDeltaX="45" labelDeltaY="50" xPos="1005" yPos="365"/>
          <Connection moduleOutId="2134002059">
            <ConnectionId>2134002145</ConnectionId>
            <StyleSheet lineThickness="1.0" lineType="3">
              <Junctures>
                <Point xPos="1055" yPos="390"/>
                <Point xPos="1540" yPos="390"/>
                <Point xPos="1540" yPos="200"/>
                <Point xPos="1380" yPos="200"/>
                <Point xPos="1380" yPos="60"/>
                <Point xPos="1350" yPos="60"/>
              </Junctures>
            </StyleSheet>
          </Connection>
          <Connection moduleOutId="2133994196">
            <ConnectionId>7</ConnectionId>
            <StyleSheet lineThickness="1.0" lineType="3">
              <Junctures>
                <Point xPos="1055" yPos="390"/>
                <Point xPos="1710" yPos="390"/>
                <Point xPos="1710" yPos="200"/>
                <Point xPos="580" yPos="200"/>
                <Point xPos="580" yPos="60"/>
                <Point xPos="550" yPos="60"/>
              </Junctures>
            </StyleSheet>
          </Connection>
          <Connection moduleOutId="2133994132">
            <ConnectionId>9</ConnectionId>
            <StyleSheet lineThickness="1.0" lineType="3">
              <Junctures>
                <Point xPos="1030" yPos="365"/>
                <Point xPos="1030" yPos="200"/>
                <Point xPos="260" yPos="200"/>
                <Point xPos="260" yPos="60"/>
                <Point xPos="230" yPos="60"/>
              </Junctures>
            </StyleSheet>
          </Connection>
          <Connection moduleOutId="2134014671">
            <ConnectionId>16</ConnectionId>
            <StyleSheet lineThickness="1.0" lineType="1"/>
          </Connection>
          <Connection moduleOutId="2134002053">
            <ConnectionId>2134002144</ConnectionId>
            <StyleSheet lineThickness="1.0" lineType="3">
              <Junctures>
                <Point xPos="1055" yPos="390"/>
                <Point xPos="1540" yPos="390"/>
                <Point xPos="1540" yPos="200"/>
                <Point xPos="1220" yPos="200"/>
                <Point xPos="1220" yPos="60"/>
                <Point xPos="1190" yPos="60"/>
              </Junctures>
            </StyleSheet>
          </Connection>
          <Connection moduleOutId="2133994190">
            <ConnectionId>2133994194</ConnectionId>
            <StyleSheet lineThickness="1.0" lineType="1">
              <Junctures>
                <Point xPos="1055" yPos="390"/>
                <Point xPos="1140" yPos="390"/>
                <Point xPos="1140" yPos="240"/>
                <Point xPos="1030" yPos="240"/>
              </Junctures>
            </StyleSheet>
          </Connection>
          <Connection moduleOutId="2134002050">
            <ConnectionId>2134002140</ConnectionId>
            <StyleSheet lineThickness="1.0" lineType="3">
              <Junctures>
                <Point xPos="1055" yPos="390"/>
                <Point xPos="1540" yPos="390"/>
                <Point xPos="1540" yPos="200"/>
                <Point xPos="1060" yPos="200"/>
                <Point xPos="1060" yPos="60"/>
                <Point xPos="1030" yPos="60"/>
              </Junctures>
            </StyleSheet>
          </Connection>
          <Connection moduleOutId="2134012697">
            <ConnectionId>2134013609</ConnectionId>
            <StyleSheet lineThickness="1.0" lineType="3">
              <Junctures>
                <Point xPos="1055" yPos="390"/>
                <Point xPos="1710" yPos="390"/>
                <Point xPos="1710" yPos="60"/>
                <Point xPos="1670" yPos="60"/>
              </Junctures>
            </StyleSheet>
          </Connection>
          <Connection moduleOutId="2134002097">
            <ConnectionId>55</ConnectionId>
            <StyleSheet lineThickness="1.0" lineType="1"/>
          </Connection>
          <Connection moduleOutId="2134002095">
            <ConnectionId>58</ConnectionId>
            <StyleSheet lineThickness="1.0" lineType="1"/>
          </Connection>
          <Connection moduleOutId="2134002094">
            <ConnectionId>60</ConnectionId>
            <StyleSheet lineThickness="1.0" lineType="1"/>
          </Connection>
          <Connection moduleOutId="2134002062">
            <ConnectionId>2134002146</ConnectionId>
            <StyleSheet lineThickness="1.0" lineType="3">
              <Junctures>
                <Point xPos="1030" yPos="365"/>
                <Point xPos="1030" yPos="200"/>
                <Point xPos="1540" yPos="200"/>
                <Point xPos="1540" yPos="60"/>
                <Point xPos="1510" yPos="60"/>
              </Junctures>
            </StyleSheet>
          </Connection>
          <Connection moduleOutId="2134002093">
            <ConnectionId>61</ConnectionId>
            <StyleSheet lineThickness="1.0" lineType="1"/>
          </Connection>
          <Connection moduleOutId="2134002092">
            <ConnectionId>63</ConnectionId>
            <StyleSheet lineThickness="1.0" lineType="1"/>
          </Connection>
          <Connection moduleOutId="2133994232">
            <ConnectionId>14</ConnectionId>
            <StyleSheet lineThickness="1.0" lineType="1"/>
          </Connection>
          <Connection moduleOutId="2133994231">
            <ConnectionId>15</ConnectionId>
            <StyleSheet lineThickness="1.0" lineType="1">
              <Junctures>
                <Point xPos="1030" yPos="415"/>
                <Point xPos="1030" yPos="510"/>
                <Point xPos="510" yPos="510"/>
                <Point xPos="510" yPos="605"/>
              </Junctures>
            </StyleSheet>
          </Connection>
          <Connection moduleOutId="2133994154">
            <ConnectionId>8</ConnectionId>
            <StyleSheet lineThickness="1.0" lineType="3">
              <Junctures>
                <Point xPos="1005" yPos="390"/>
                <Point xPos="120" yPos="390"/>
                <Point xPos="120" yPos="200"/>
                <Point xPos="420" yPos="200"/>
                <Point xPos="420" yPos="60"/>
                <Point xPos="390" yPos="60"/>
              </Junctures>
            </StyleSheet>
          </Connection>
          <Connection moduleOutId="2134002047">
            <ConnectionId>2134002139</ConnectionId>
            <StyleSheet lineThickness="1.0" lineType="3">
              <Junctures>
                <Point xPos="1055" yPos="390"/>
                <Point xPos="1540" yPos="390"/>
                <Point xPos="1540" yPos="200"/>
                <Point xPos="900" yPos="200"/>
                <Point xPos="900" yPos="60"/>
                <Point xPos="870" yPos="60"/>
              </Junctures>
            </StyleSheet>
          </Connection>
          <Connection moduleOutId="2134002044">
            <ConnectionId>2134002138</ConnectionId>
            <StyleSheet lineThickness="1.0" lineType="3">
              <Junctures>
                <Point xPos="1055" yPos="390"/>
                <Point xPos="1540" yPos="390"/>
                <Point xPos="1540" yPos="200"/>
                <Point xPos="740" yPos="200"/>
                <Point xPos="740" yPos="60"/>
                <Point xPos="710" yPos="60"/>
              </Junctures>
            </StyleSheet>
          </Connection>
          <Connection moduleOutId="2133994219">
            <ConnectionId>13</ConnectionId>
            <StyleSheet lineThickness="1.0" lineType="1"/>
          </Connection>
        </WorkflowModule>
        <WorkflowModule moduleType="sdExtSystem">
          <ModuleId>2134002051</ModuleId>
          <ModuleName>AS400 SGP
Caller SP</ModuleName>
          <ParentModule moduleId="2134002049"/>
          <StyleSheet bgFillColor2="0000ccff" borderColor="330066ff" xPos="950" yPos="95"/>
          <Connection moduleOutId="2133994190">
            <ConnectionId>52</ConnectionId>
            <StyleSheet lineThickness="1.0" lineType="1">
              <Junctures>
                <Point xPos="990" yPos="125"/>
                <Point xPos="990" yPos="180"/>
                <Point xPos="830" yPos="180"/>
                <Point xPos="830" yPos="225"/>
              </Junctures>
            </StyleSheet>
          </Connection>
        </WorkflowModule>
        <WorkflowModule moduleType="sdExtSystem">
          <ModuleId>2134002053</ModuleId>
          <ModuleName>AS400 DB
THA</ModuleName>
          <ParentModule moduleId="2134002052"/>
          <StyleSheet bgFillColor2="0000ccff" borderColor="330066ff" xPos="1110" yPos="45"/>
          <Properties version="4.1">
            <Property name="ResourcesLinked" type="List">
              <Property name="Module">DB2ReplConn7</Property>
            </Property>
            <Property name="ResourceType">Database Connector</Property>
            <Property name="ResourceSettings" type="Map">
              <Property displayDescription="Die Datenbank URL" name="dbURL">jdbc:as400://172.21.211.100;prompt=false;naming=sql;errors=full;transaction isolation=none;date format=iso</Property>
              <Property displayDescription="Die Datenbanktreiber-Klasse" name="driverClass">com.ibm.as400.access.AS400JDBCDriver</Property>
              <Property name="user">AJBPMRPU</Property>
              <Property encrypted="true" name="Password" type="Password">oLG00DGCzgZMWon/I+j8Gg==</Property>
            </Property>
          </Properties>
        </WorkflowModule>
        <WorkflowModule moduleType="sdExtSystem">
          <ModuleId>2134002054</ModuleId>
          <ModuleName>AS400 THA
Caller SP</ModuleName>
          <ParentModule moduleId="2134002052"/>
          <StyleSheet bgFillColor2="0000ccff" borderColor="330066ff" xPos="1110" yPos="95"/>
          <Connection moduleOutId="2133994190">
            <ConnectionId>2134002136</ConnectionId>
            <StyleSheet lineThickness="1.0" lineType="1">
              <Junctures>
                <Point xPos="1150" yPos="125"/>
                <Point xPos="1150" yPos="180"/>
                <Point xPos="830" yPos="180"/>
                <Point xPos="830" yPos="225"/>
              </Junctures>
            </StyleSheet>
          </Connection>
        </WorkflowModule>
        <WorkflowModule moduleType="sdExtSystem">
          <ModuleId>2134002092</ModuleId>
          <ModuleName>PHLStaging
     DB</ModuleName>
          <ParentModule moduleId="2133994212"/>
          <StyleSheet bgFillColor2="ffff00ff" borderColor="cccc00ff" fontColor="000000ff" xPos="1430" yPos="605"/>
          <Properties version="4.1">
            <Property name="ResourcesLinked" type="List">
              <Property name="Module">SQLReplConn9</Property>
            </Property>
            <Property name="ResourceType">Database Connector</Property>
            <Property name="ResourceSettings" type="Map">
              <Property displayDescription="Die Datenbank URL" name="dbURL">jdbc:sqlserver://jpaddfctestrds2.ckxauzryjl2d.ap-southeast-1.rds.amazonaws.com;DatabaseName=PHLStaging;SelectMethod=cursor</Property>
              <Property displayDescription="Die Datenbanktreiber-Klasse" name="driverClass">com.microsoft.sqlserver.jdbc.SQLServerDriver</Property>
              <Property name="user">BPMDFCUser</Property>
              <Property encrypted="true" name="Password" type="Password">fnzQhcX9vymAyMifzrAx5Q==</Property>
            </Property>
          </Properties>
        </WorkflowModule>
        <WorkflowModule moduleType="sdExtSystem">
          <ModuleId>2133994190</ModuleId>
          <ModuleName>inubit Load Balancer (http://jpvdbpmrpl:6001)</ModuleName>
          <ParentModule moduleId="2133994188"/>
          <StyleSheet bgFillColor2="ff00ccff" borderColor="660066ff" height="30" width="400" xPos="630" yPos="225"/>
          <Connection moduleOutId="2133994191">
            <ConnectionId>2133994195</ConnectionId>
            <StyleSheet lineThickness="1.0" lineType="1">
              <Junctures>
                <Point xPos="980" yPos="255"/>
                <Point xPos="980" yPos="310"/>
                <Point xPos="1030" yPos="310"/>
                <Point xPos="1030" yPos="365"/>
              </Junctures>
            </StyleSheet>
          </Connection>
          <Connection moduleOutId="2133994189">
            <ConnectionId>2133994192</ConnectionId>
            <StyleSheet lineThickness="1.0" lineType="1">
              <Junctures>
                <Point xPos="670" yPos="255"/>
                <Point xPos="670" yPos="310"/>
                <Point xPos="630" yPos="310"/>
                <Point xPos="630" yPos="365"/>
              </Junctures>
            </StyleSheet>
          </Connection>
        </WorkflowModule>
        <WorkflowModule moduleType="sdExtSystem">
          <ModuleId>2134002094</ModuleId>
          <ModuleName>THAStaging
     DB</ModuleName>
          <ParentModule moduleId="2133994212"/>
          <StyleSheet bgFillColor2="ffff00ff" borderColor="cccc00ff" fontColor="000000ff" xPos="1110" yPos="605"/>
          <Properties version="4.1">
            <Property name="ResourcesLinked" type="List">
              <Property name="Module">SQLReplConn7</Property>
            </Property>
            <Property name="ResourceType">Database Connector</Property>
            <Property name="ResourceSettings" type="Map">
              <Property displayDescription="Die Datenbank URL" name="dbURL">jdbc:sqlserver://jpaddfctestrds2.ckxauzryjl2d.ap-southeast-1.rds.amazonaws.com;DatabaseName=THAStaging;SelectMethod=cursor</Property>
              <Property displayDescription="Die Datenbanktreiber-Klasse" name="driverClass">com.microsoft.sqlserver.jdbc.SQLServerDriver</Property>
              <Property name="user">BPMDFCUser</Property>
              <Property encrypted="true" name="Password" type="Password">fnzQhcX9vymAyMifzrAx5Q==</Property>
            </Property>
          </Properties>
        </WorkflowModule>
        <WorkflowModule moduleType="sdExtSystem">
          <ModuleId>2134002093</ModuleId>
          <ModuleName>IDNStaging
     DB</ModuleName>
          <ParentModule moduleId="2133994212"/>
          <StyleSheet bgFillColor2="ffff00ff" borderColor="cccc00ff" fontColor="000000ff" xPos="1270" yPos="605"/>
          <Properties version="4.1">
            <Property name="ResourcesLinked" type="List">
              <Property name="Module">SQLReplConn8</Property>
            </Property>
            <Property name="ResourceType">Database Connector</Property>
            <Property name="ResourceSettings" type="Map">
              <Property displayDescription="Die Datenbank URL" name="dbURL">jdbc:sqlserver://jpaddfctestrds2.ckxauzryjl2d.ap-southeast-1.rds.amazonaws.com;DatabaseName=IDNStaging;SelectMethod=cursor</Property>
              <Property displayDescription="Die Datenbanktreiber-Klasse" name="driverClass">com.microsoft.sqlserver.jdbc.SQLServerDriver</Property>
              <Property name="user">BPMDFCUser</Property>
              <Property encrypted="true" name="Password" type="Password">fnzQhcX9vymAyMifzrAx5Q==</Property>
            </Property>
          </Properties>
        </WorkflowModule>
        <WorkflowModule moduleType="sdExtSystem">
          <ModuleId>2134002096</ModuleId>
          <ModuleName>BRNStaging
     DB</ModuleName>
          <ParentModule moduleId="2133994212"/>
          <StyleSheet bgFillColor2="ffff00ff" borderColor="cccc00ff" fontColor="000000ff" xPos="790" yPos="605"/>
          <Properties version="4.1">
            <Property name="ResourcesLinked" type="List">
              <Property name="Module">SQLReplConn5</Property>
            </Property>
            <Property name="ResourceType">Database Connector</Property>
            <Property name="ResourceSettings" type="Map">
              <Property displayDescription="Die Datenbank URL" name="dbURL">jdbc:sqlserver://jpaddfctestrds2.ckxauzryjl2d.ap-southeast-1.rds.amazonaws.com;DatabaseName=BRNStaging;SelectMethod=cursor</Property>
              <Property displayDescription="Die Datenbanktreiber-Klasse" name="driverClass">com.microsoft.sqlserver.jdbc.SQLServerDriver</Property>
              <Property name="user">BPMDFCUser</Property>
              <Property encrypted="true" name="Password" type="Password">fnzQhcX9vymAyMifzrAx5Q==</Property>
            </Property>
          </Properties>
        </WorkflowModule>
        <WorkflowModule moduleType="sdExtSystem">
          <ModuleId>2134002095</ModuleId>
          <ModuleName>SGPStaging
     DB</ModuleName>
          <ParentModule moduleId="2133994212"/>
          <StyleSheet bgFillColor2="ffff00ff" borderColor="cccc00ff" fontColor="000000ff" xPos="950" yPos="605"/>
          <Properties version="4.1">
            <Property name="ResourcesLinked" type="List">
              <Property name="Module">SQLReplConn6</Property>
            </Property>
            <Property name="ResourceType">Database Connector</Property>
            <Property name="ResourceSettings" type="Map">
              <Property displayDescription="Die Datenbank URL" name="dbURL">jdbc:sqlserver://jpaddfctestrds2.ckxauzryjl2d.ap-southeast-1.rds.amazonaws.com;DatabaseName=SGPStaging;SelectMethod=cursor</Property>
              <Property displayDescription="Die Datenbanktreiber-Klasse" name="driverClass">com.microsoft.sqlserver.jdbc.SQLServerDriver</Property>
              <Property name="user">BPMDFCUser</Property>
              <Property encrypted="true" name="Password" type="Password">fnzQhcX9vymAyMifzrAx5Q==</Property>
            </Property>
          </Properties>
        </WorkflowModule>
        <WorkflowModule moduleType="sdExtSystem">
          <ModuleId>2133994196</ModuleId>
          <ModuleName>AS400 DB
VNM</ModuleName>
          <ParentModule moduleId="2133994209"/>
          <StyleSheet bgFillColor2="0000ccff" borderColor="330066ff" xPos="470" yPos="45"/>
          <Properties version="4.1">
            <Property name="ResourcesLinked" type="List">
              <Property name="Module">DB2ReplConn3</Property>
            </Property>
            <Property name="ResourceType">Database Connector</Property>
            <Property name="ResourceSettings" type="Map">
              <Property displayDescription="Die Datenbank URL" name="dbURL">jdbc:as400://172.21.211.70;prompt=false;naming=sql;errors=full;transaction isolation=none;date format=iso</Property>
              <Property displayDescription="Die Datenbanktreiber-Klasse" name="driverClass">com.ibm.as400.access.AS400JDBCDriver</Property>
              <Property name="user">AJBPMRPU</Property>
              <Property encrypted="true" name="Password" type="Password">oLG00DGCzgZMWon/I+j8Gg==</Property>
            </Property>
          </Properties>
        </WorkflowModule>
        <WorkflowModule moduleType="sdExtSystem">
          <ModuleId>2134002097</ModuleId>
          <ModuleName>MYSStaging
     DB</ModuleName>
          <ParentModule moduleId="2133994212"/>
          <StyleSheet bgFillColor2="ffff00ff" borderColor="cccc00ff" fontColor="000000ff" xPos="630" yPos="605"/>
          <Properties version="4.1">
            <Property name="ResourcesLinked" type="List">
              <Property name="Module">SQLReplConn4</Property>
            </Property>
            <Property name="ResourceType">Database Connector</Property>
            <Property name="ResourceSettings" type="Map">
              <Property displayDescription="Die Datenbank URL" name="dbURL">jdbc:sqlserver://jpaddfctestrds2.ckxauzryjl2d.ap-southeast-1.rds.amazonaws.com;DatabaseName=VNMStaging;SelectMethod=cursor</Property>
              <Property displayDescription="Die Datenbanktreiber-Klasse" name="driverClass">com.microsoft.sqlserver.jdbc.SQLServerDriver</Property>
              <Property name="user">BPMDFCUser</Property>
              <Property encrypted="true" name="Password" type="Password">fnzQhcX9vymAyMifzrAx5Q==</Property>
            </Property>
          </Properties>
        </WorkflowModule>
        <WorkflowModule moduleType="sdExtSystem">
          <ModuleId>2133994197</ModuleId>
          <ModuleName>AS400 VNM
Caller SP</ModuleName>
          <ParentModule moduleId="2133994209"/>
          <StyleSheet bgFillColor2="0000ccff" borderColor="330066ff" xPos="470" yPos="95"/>
          <Connection moduleOutId="2133994190">
            <ConnectionId>3</ConnectionId>
            <StyleSheet lineThickness="1.0" lineType="1">
              <Junctures>
                <Point xPos="510" yPos="125"/>
                <Point xPos="510" yPos="180"/>
                <Point xPos="830" yPos="180"/>
                <Point xPos="830" yPos="225"/>
              </Junctures>
            </StyleSheet>
          </Connection>
        </WorkflowModule>
        <WorkflowModule moduleType="sdInubitIS">
          <ModuleId>2133994189</ModuleId>
          <ModuleName>inubit IS
jpwl313:6001</ModuleName>
          <ParentModule moduleId="2133994188"/>
          <StyleSheet labelDeltaX="-43" labelDeltaY="49" xPos="605" yPos="365"/>
          <Connection moduleOutId="2134002059">
            <ConnectionId>2134002142</ConnectionId>
            <StyleSheet lineThickness="1.0" lineType="3">
              <Junctures>
                <Point xPos="605" yPos="390"/>
                <Point xPos="120" yPos="390"/>
                <Point xPos="120" yPos="200"/>
                <Point xPos="1240" yPos="200"/>
                <Point xPos="1240" yPos="60"/>
                <Point xPos="1270" yPos="60"/>
              </Junctures>
            </StyleSheet>
          </Connection>
          <Connection moduleOutId="2133994196">
            <ConnectionId>6</ConnectionId>
            <StyleSheet lineThickness="1.0" lineType="3">
              <Junctures>
                <Point xPos="605" yPos="390"/>
                <Point xPos="120" yPos="390"/>
                <Point xPos="120" yPos="200"/>
                <Point xPos="440" yPos="200"/>
                <Point xPos="440" yPos="60"/>
                <Point xPos="470" yPos="60"/>
              </Junctures>
            </StyleSheet>
          </Connection>
          <Connection moduleOutId="2133994132">
            <ConnectionId>4</ConnectionId>
            <StyleSheet lineThickness="1.0" lineType="3">
              <Junctures>
                <Point xPos="605" yPos="390"/>
                <Point xPos="120" yPos="390"/>
                <Point xPos="120" yPos="60"/>
                <Point xPos="150" yPos="60"/>
              </Junctures>
            </StyleSheet>
          </Connection>
          <Connection moduleOutId="2134002053">
            <ConnectionId>2134002141</ConnectionId>
            <StyleSheet lineThickness="1.0" lineType="3">
              <Junctures>
                <Point xPos="605" yPos="390"/>
                <Point xPos="120" yPos="390"/>
                <Point xPos="120" yPos="200"/>
                <Point xPos="1080" yPos="200"/>
                <Point xPos="1080" yPos="60"/>
                <Point xPos="1110" yPos="60"/>
              </Junctures>
            </StyleSheet>
          </Connection>
          <Connection moduleOutId="2133994190">
            <ConnectionId>2133994193</ConnectionId>
            <StyleSheet lineThickness="1.0" lineType="1">
              <Junctures>
                <Point xPos="605" yPos="390"/>
                <Point xPos="510" yPos="390"/>
                <Point xPos="510" yPos="240"/>
                <Point xPos="630" yPos="240"/>
              </Junctures>
            </StyleSheet>
          </Connection>
          <Connection moduleOutId="2134002050">
            <ConnectionId>2134002108</ConnectionId>
            <StyleSheet lineThickness="1.0" lineType="3">
              <Junctures>
                <Point xPos="605" yPos="390"/>
                <Point xPos="120" yPos="390"/>
                <Point xPos="120" yPos="200"/>
                <Point xPos="920" yPos="200"/>
                <Point xPos="920" yPos="60"/>
                <Point xPos="950" yPos="60"/>
              </Junctures>
            </StyleSheet>
          </Connection>
          <Connection moduleOutId="2134012697">
            <ConnectionId>2134013610</ConnectionId>
            <StyleSheet lineThickness="1.0" lineType="3">
              <Junctures>
                <Point xPos="630" yPos="365"/>
                <Point xPos="630" yPos="200"/>
                <Point xPos="1560" yPos="200"/>
                <Point xPos="1560" yPos="60"/>
                <Point xPos="1590" yPos="60"/>
              </Junctures>
            </StyleSheet>
          </Connection>
          <Connection moduleOutId="2134002097">
            <ConnectionId>54</ConnectionId>
            <StyleSheet lineThickness="1.0" lineType="1"/>
          </Connection>
          <Connection moduleOutId="2134002096">
            <ConnectionId>56</ConnectionId>
            <StyleSheet lineThickness="1.0" lineType="1"/>
          </Connection>
          <Connection moduleOutId="2134002095">
            <ConnectionId>57</ConnectionId>
            <StyleSheet lineThickness="1.0" lineType="1"/>
          </Connection>
          <Connection moduleOutId="2134002094">
            <ConnectionId>59</ConnectionId>
            <StyleSheet lineThickness="1.0" lineType="1"/>
          </Connection>
          <Connection moduleOutId="2134002062">
            <ConnectionId>2134002143</ConnectionId>
            <StyleSheet lineThickness="1.0" lineType="3">
              <Junctures>
                <Point xPos="605" yPos="390"/>
                <Point xPos="120" yPos="390"/>
                <Point xPos="120" yPos="200"/>
                <Point xPos="1400" yPos="200"/>
                <Point xPos="1400" yPos="60"/>
                <Point xPos="1430" yPos="60"/>
              </Junctures>
            </StyleSheet>
          </Connection>
          <Connection moduleOutId="2134002093">
            <ConnectionId>2134002147</ConnectionId>
            <StyleSheet lineThickness="1.0" lineType="1">
              <Junctures>
                <Point xPos="630" yPos="415"/>
                <Point xPos="630" yPos="510"/>
                <Point xPos="1310" yPos="510"/>
                <Point xPos="1310" yPos="605"/>
              </Junctures>
            </StyleSheet>
          </Connection>
          <Connection moduleOutId="2134002092">
            <ConnectionId>62</ConnectionId>
            <StyleSheet lineThickness="1.0" lineType="1"/>
          </Connection>
          <Connection moduleOutId="2133994232">
            <ConnectionId>11</ConnectionId>
            <StyleSheet lineThickness="1.0" lineType="1"/>
          </Connection>
          <Connection moduleOutId="2133994231">
            <ConnectionId>12</ConnectionId>
            <StyleSheet lineThickness="1.0" lineType="1">
              <Junctures>
                <Point xPos="630" yPos="415"/>
                <Point xPos="630" yPos="510"/>
                <Point xPos="510" yPos="510"/>
                <Point xPos="510" yPos="605"/>
              </Junctures>
            </StyleSheet>
          </Connection>
          <Connection moduleOutId="2134002047">
            <ConnectionId>2134002107</ConnectionId>
            <StyleSheet lineThickness="1.0" lineType="3">
              <Junctures>
                <Point xPos="605" yPos="390"/>
                <Point xPos="120" yPos="390"/>
                <Point xPos="120" yPos="200"/>
                <Point xPos="760" yPos="200"/>
                <Point xPos="760" yPos="60"/>
                <Point xPos="790" yPos="60"/>
              </Junctures>
            </StyleSheet>
          </Connection>
          <Connection moduleOutId="2133994154">
            <ConnectionId>5</ConnectionId>
            <StyleSheet lineThickness="1.0" lineType="3">
              <Junctures>
                <Point xPos="605" yPos="390"/>
                <Point xPos="120" yPos="390"/>
                <Point xPos="120" yPos="200"/>
                <Point xPos="280" yPos="200"/>
                <Point xPos="280" yPos="60"/>
                <Point xPos="310" yPos="60"/>
              </Junctures>
            </StyleSheet>
          </Connection>
          <Connection moduleOutId="2134002044">
            <ConnectionId>2134002106</ConnectionId>
            <StyleSheet lineThickness="1.0" lineType="3">
              <Junctures>
                <Point xPos="605" yPos="390"/>
                <Point xPos="120" yPos="390"/>
                <Point xPos="120" yPos="200"/>
                <Point xPos="600" yPos="200"/>
                <Point xPos="600" yPos="60"/>
                <Point xPos="630" yPos="60"/>
              </Junctures>
            </StyleSheet>
          </Connection>
          <Connection moduleOutId="2133994219">
            <ConnectionId>10</ConnectionId>
            <StyleSheet lineThickness="1.0" lineType="1"/>
          </Connection>
        </WorkflowModule>
        <WorkflowModule moduleType="sdExtSystem">
          <ModuleId>2133994164</ModuleId>
          <ModuleName>AS400 KOR
Caller SP</ModuleName>
          <ParentModule moduleId="2133994181"/>
          <StyleSheet bgFillColor2="0000ccff" borderColor="330066ff" xPos="310" yPos="95"/>
          <Connection moduleOutId="2133994190">
            <ConnectionId>2</ConnectionId>
            <StyleSheet lineThickness="1.0" lineType="1">
              <Junctures>
                <Point xPos="350" yPos="125"/>
                <Point xPos="350" yPos="180"/>
                <Point xPos="830" yPos="180"/>
                <Point xPos="830" yPos="225"/>
              </Junctures>
            </StyleSheet>
          </Connection>
        </WorkflowModule>
        <WorkflowModule moduleType="sdExtSystem">
          <ModuleId>2134002059</ModuleId>
          <ModuleName>AS400 DB
IDN</ModuleName>
          <ParentModule moduleId="2134002058"/>
          <StyleSheet bgFillColor2="0000ccff" borderColor="330066ff" xPos="1270" yPos="45"/>
          <Properties version="4.1">
            <Property name="ResourcesLinked" type="List">
              <Property name="Module">DB2ReplConn8</Property>
            </Property>
            <Property name="ResourceType">Database Connector</Property>
            <Property name="ResourceSettings" type="Map">
              <Property displayDescription="Die Datenbank URL" name="dbURL">jdbc:as400://172.21.211.70;prompt=false;naming=sql;errors=full;transaction isolation=none;date format=iso</Property>
              <Property displayDescription="Die Datenbanktreiber-Klasse" name="driverClass">com.ibm.as400.access.AS400JDBCDriver</Property>
              <Property name="user">AJBPMRPU</Property>
              <Property encrypted="true" name="Password" type="Password">oLG00DGCzgZMWon/I+j8Gg==</Property>
            </Property>
          </Properties>
        </WorkflowModule>
        <WorkflowModule moduleType="sdExtSystem">
          <ModuleId>2134012698</ModuleId>
          <ModuleName>AS400 MSB
Caller SP</ModuleName>
          <ParentModule moduleId="2133994185"/>
          <StyleSheet bgFillColor2="0000ccff" borderColor="330066ff" xPos="1590" yPos="95"/>
          <Connection moduleOutId="2133994190">
            <ConnectionId>17</ConnectionId>
            <StyleSheet lineThickness="1.0" lineType="1">
              <Junctures>
                <Point xPos="1630" yPos="125"/>
                <Point xPos="1630" yPos="180"/>
                <Point xPos="830" yPos="180"/>
                <Point xPos="830" yPos="225"/>
              </Junctures>
            </StyleSheet>
          </Connection>
        </WorkflowModule>
        <WorkflowModule moduleType="sdExtSystem">
          <ModuleId>2133994232</ModuleId>
          <ModuleName>KORStaging
     DB</ModuleName>
          <ParentModule moduleId="2133994212"/>
          <StyleSheet bgFillColor2="ffff00ff" borderColor="cccc00ff" fontColor="000000ff" height="30" width="100" xPos="300" yPos="605"/>
          <Properties version="4.1">
            <Property name="ResourcesLinked" type="List">
              <Property name="Module">SQLReplConn2</Property>
            </Property>
            <Property name="ResourceType">Database Connector</Property>
            <Property name="ResourceSettings" type="Map">
              <Property displayDescription="Die Datenbank URL" name="dbURL">jdbc:sqlserver://jpaddfctestrds2.ckxauzryjl2d.ap-southeast-1.rds.amazonaws.com;DatabaseName=KORStaging;SelectMethod=cursor</Property>
              <Property displayDescription="Die Datenbanktreiber-Klasse" name="driverClass">com.microsoft.sqlserver.jdbc.SQLServerDriver</Property>
              <Property name="user">BPMDFCUser</Property>
              <Property encrypted="true" name="Password" type="Password">fnzQhcX9vymAyMifzrAx5Q==</Property>
            </Property>
          </Properties>
        </WorkflowModule>
        <WorkflowModule moduleType="sdExtSystem">
          <ModuleId>2133994219</ModuleId>
          <ModuleName>JPNStaging
     DB</ModuleName>
          <ParentModule moduleId="2133994212"/>
          <StyleSheet bgFillColor2="ffff00ff" borderColor="cccc00ff" fontColor="000000ff" xPos="150" yPos="605"/>
          <Properties version="4.1">
            <Property name="ResourcesLinked" type="List">
              <Property name="Module">SQLReplConn1</Property>
            </Property>
            <Property name="ResourceType">Database Connector</Property>
            <Property name="ResourceSettings" type="Map">
              <Property displayDescription="Die Datenbank URL" name="dbURL">jdbc:sqlserver://jpaddfctestrds2.ckxauzryjl2d.ap-southeast-1.rds.amazonaws.com;DatabaseName=JPNStaging;SelectMethod=cursor</Property>
              <Property displayDescription="Die Datenbanktreiber-Klasse" name="driverClass">com.microsoft.sqlserver.jdbc.SQLServerDriver</Property>
              <Property name="user">BPMDFCUser</Property>
              <Property encrypted="true" name="Password" type="Password">fnzQhcX9vymAyMifzrAx5Q==</Property>
            </Property>
          </Properties>
        </WorkflowModule>
        <WorkflowModule moduleType="sdExtSystem">
          <ModuleId>2134002062</ModuleId>
          <ModuleName>AS400 DB
PHL</ModuleName>
          <ParentModule moduleId="2134002061"/>
          <StyleSheet bgFillColor2="0000ccff" borderColor="330066ff" xPos="1430" yPos="45"/>
          <Properties version="4.1">
            <Property name="ResourcesLinked" type="List">
              <Property name="Module">DB2ReplConn9</Property>
            </Property>
            <Property name="ResourceType">Database Connector</Property>
            <Property name="ResourceSettings" type="Map">
              <Property displayDescription="Die Datenbank URL" name="dbURL">jdbc:as400://172.21.211.70;prompt=false;naming=sql;errors=full;transaction isolation=none;date format=iso</Property>
              <Property displayDescription="Die Datenbanktreiber-Klasse" name="driverClass">com.ibm.as400.access.AS400JDBCDriver</Property>
              <Property name="user">AJBPMRPU</Property>
              <Property encrypted="true" name="Password" type="Password">oLG00DGCzgZMWon/I+j8Gg==</Property>
            </Property>
          </Properties>
        </WorkflowModule>
        <WorkflowModule moduleType="sdExtSystem">
          <ModuleId>2134002044</ModuleId>
          <ModuleName>AS400 DB
MYS</ModuleName>
          <ParentModule moduleId="2134002043"/>
          <StyleSheet bgFillColor2="0000ccff" borderColor="330066ff" xPos="630" yPos="45"/>
          <Properties version="4.1">
            <Property name="ResourcesLinked" type="List">
              <Property name="Module">DB2ReplConn4</Property>
            </Property>
            <Property name="ResourceType">Database Connector</Property>
            <Property name="ResourceSettings" type="Map">
              <Property displayDescription="Die Datenbank URL" name="dbURL">jdbc:as400://172.21.211.70;prompt=false;naming=sql;errors=full;transaction isolation=none;date format=iso</Property>
              <Property displayDescription="Die Datenbanktreiber-Klasse" name="driverClass">com.ibm.as400.access.AS400JDBCDriver</Property>
              <Property name="user">AJBPMRPU</Property>
              <Property encrypted="true" name="Password" type="Password">oLG00DGCzgZMWon/I+j8Gg==</Property>
            </Property>
          </Properties>
        </WorkflowModule>
        <WorkflowModule moduleType="sdExtSystem">
          <ModuleId>2134012697</ModuleId>
          <ModuleName>AS400 DB
MSB</ModuleName>
          <ParentModule moduleId="2133994185"/>
          <StyleSheet bgFillColor2="0000ccff" borderColor="330066ff" xPos="1590" yPos="45"/>
          <Properties version="4.1">
            <Property name="ResourcesLinked" type="List">
              <Property name="Module">DB2ReplConn10</Property>
            </Property>
            <Property name="ResourceType">Database Connector</Property>
            <Property name="ResourceSettings" type="Map">
              <Property displayDescription="Die Datenbank URL" name="dbURL">jdbc:as400://172.21.211.70;prompt=false;naming=sql;errors=full;transaction isolation=none;date format=iso</Property>
              <Property displayDescription="Die Datenbanktreiber-Klasse" name="driverClass">com.ibm.as400.access.AS400JDBCDriver</Property>
              <Property name="user">AJBPMRPU</Property>
              <Property encrypted="true" name="Password" type="Password">oLG00DGCzgZMWon/I+j8Gg==</Property>
            </Property>
          </Properties>
        </WorkflowModule>
        <WorkflowModule moduleType="sdExtSystem">
          <ModuleId>2134002063</ModuleId>
          <ModuleName>AS400 PHL
Caller SP</ModuleName>
          <ParentModule moduleId="2134002061"/>
          <StyleSheet bgFillColor2="0000ccff" borderColor="330066ff" xPos="1430" yPos="95"/>
          <Connection moduleOutId="2133994190">
            <ConnectionId>53</ConnectionId>
            <StyleSheet lineThickness="1.0" lineType="1">
              <Junctures>
                <Point xPos="1470" yPos="125"/>
                <Point xPos="1470" yPos="180"/>
                <Point xPos="830" yPos="180"/>
                <Point xPos="830" yPos="225"/>
              </Junctures>
            </StyleSheet>
          </Connection>
        </WorkflowModule>
        <WorkflowModule moduleType="sdExtSystem">
          <ModuleId>2134002045</ModuleId>
          <ModuleName>AS400 MYS
Caller SP</ModuleName>
          <ParentModule moduleId="2134002043"/>
          <StyleSheet bgFillColor2="0000ccff" borderColor="330066ff" xPos="630" yPos="95"/>
          <Connection moduleOutId="2133994190">
            <ConnectionId>50</ConnectionId>
            <StyleSheet lineThickness="1.0" lineType="1">
              <Junctures>
                <Point xPos="670" yPos="125"/>
                <Point xPos="670" yPos="180"/>
                <Point xPos="830" yPos="180"/>
                <Point xPos="830" yPos="225"/>
              </Junctures>
            </StyleSheet>
          </Connection>
        </WorkflowModule>
        <WorkflowModule moduleType="sdExtSystem">
          <ModuleId>2133994231</ModuleId>
          <ModuleName>VNMStaging
     DB</ModuleName>
          <ParentModule moduleId="2133994212"/>
          <StyleSheet bgFillColor2="ffff00ff" borderColor="cccc00ff" fontColor="000000ff" xPos="470" yPos="605"/>
          <Properties version="4.1">
            <Property name="ResourcesLinked" type="List">
              <Property name="Module">SQLReplConn3</Property>
            </Property>
            <Property name="ResourceType">Database Connector</Property>
            <Property name="ResourceSettings" type="Map">
              <Property displayDescription="Die Datenbank URL" name="dbURL">jdbc:sqlserver://jpaddfctestrds2.ckxauzryjl2d.ap-southeast-1.rds.amazonaws.com;DatabaseName=VNMStaging;SelectMethod=cursor</Property>
              <Property displayDescription="Die Datenbanktreiber-Klasse" name="driverClass">com.microsoft.sqlserver.jdbc.SQLServerDriver</Property>
              <Property name="user">BPMDFCUser</Property>
              <Property encrypted="true" name="Password" type="Password">fnzQhcX9vymAyMifzrAx5Q==</Property>
            </Property>
          </Properties>
        </WorkflowModule>
        <WorkflowModule moduleType="sdExtSystem">
          <ModuleId>2134002060</ModuleId>
          <ModuleName>AS400 IDN
Caller SP</ModuleName>
          <ParentModule moduleId="2134002058"/>
          <StyleSheet bgFillColor2="0000ccff" borderColor="330066ff" xPos="1270" yPos="95"/>
          <Connection moduleOutId="2133994190">
            <ConnectionId>2134002137</ConnectionId>
            <StyleSheet lineThickness="1.0" lineType="1">
              <Junctures>
                <Point xPos="1310" yPos="125"/>
                <Point xPos="1310" yPos="180"/>
                <Point xPos="830" yPos="180"/>
                <Point xPos="830" yPos="225"/>
              </Junctures>
            </StyleSheet>
          </Connection>
        </WorkflowModule>
        <WorkflowModule moduleType="Label">
          <ModuleId>2134002046</ModuleId>
          <StyleSheet bgColor="ffffff64" height="90" width="100" xPos="780" yPos="40"/>
          <ParentModule moduleId="2133994185"/>
        </WorkflowModule>
        <WorkflowModule moduleType="Label">
          <ModuleId>2134002049</ModuleId>
          <StyleSheet bgColor="ffffff64" height="90" width="100" xPos="940" yPos="40"/>
          <ParentModule moduleId="2133994185"/>
        </WorkflowModule>
        <WorkflowModule moduleType="Label">
          <ModuleId>2133994212</ModuleId>
          <ModuleName>MS SQL MultiSite Configuration</ModuleName>
          <StyleSheet bgColor="00ffff64" borderColor="ffcc0064" height="150" width="1640" xPos="100" yPos="550"/>
        </WorkflowModule>
        <WorkflowModule moduleType="Label">
          <ModuleId>2133994209</ModuleId>
          <StyleSheet bgColor="ffffff64" height="90" width="100" xPos="460" yPos="40"/>
          <ParentModule moduleId="2133994185"/>
        </WorkflowModule>
        <WorkflowModule moduleType="Label">
          <ModuleId>2134002052</ModuleId>
          <StyleSheet bgColor="ffffff64" height="90" width="100" xPos="1100" yPos="40"/>
          <ParentModule moduleId="2133994185"/>
        </WorkflowModule>
        <WorkflowModule moduleType="Label">
          <ModuleId>2133994185</ModuleId>
          <ModuleName>AS400 MultiSite Configuration</ModuleName>
          <StyleSheet height="150" width="1640" xPos="100" yPos="10"/>
        </WorkflowModule>
        <WorkflowModule moduleType="Label">
          <ModuleId>2133994187</ModuleId>
          <StyleSheet bgColor="ffffff64" height="90" width="100" xPos="140" yPos="40"/>
          <ParentModule moduleId="2133994185"/>
        </WorkflowModule>
        <WorkflowModule moduleType="Label">
          <ModuleId>2133994188</ModuleId>
          <ModuleName>inubit v7.1 cluster
JPN</ModuleName>
          <StyleSheet bgColor="ffcccc64" borderColor="ff000064" height="310" width="1640" xPos="100" yPos="200"/>
        </WorkflowModule>
        <WorkflowModule moduleType="Label">
          <ModuleId>2133994181</ModuleId>
          <StyleSheet bgColor="ffffff64" height="90" width="100" xPos="300" yPos="40"/>
          <ParentModule moduleId="2133994185"/>
        </WorkflowModule>
        <WorkflowModule moduleType="Label">
          <ModuleId>2134002058</ModuleId>
          <StyleSheet bgColor="ffffff64" height="90" width="100" xPos="1260" yPos="40"/>
          <ParentModule moduleId="2133994185"/>
        </WorkflowModule>
        <WorkflowModule moduleType="Label">
          <ModuleId>2134012696</ModuleId>
          <StyleSheet bgColor="ffffff64" height="90" width="100" xPos="1580" yPos="40"/>
        </WorkflowModule>
        <WorkflowModule moduleType="Label">
          <ModuleId>2134002061</ModuleId>
          <StyleSheet bgColor="ffffff64" height="90" width="100" xPos="1420" yPos="40"/>
          <ParentModule moduleId="2133994185"/>
        </WorkflowModule>
        <WorkflowModule moduleType="Label">
          <ModuleId>2134002043</ModuleId>
          <StyleSheet bgColor="ffffff64" height="90" width="100" xPos="620" yPos="40"/>
          <ParentModule moduleId="2133994185"/>
        </WorkflowModule>
      </Workflow>
      <Workflow version="head" workflowType="systemdiagram">
        <WorkflowName>DFCReplication_SD</WorkflowName>
        <WorkflowUId>53c55d72:14a7eebdc30:-7fff</WorkflowUId>
        <CheckinComment>@@@Server: JpadDfcInubitV6lb1.ap-southeast-1.compute.internal@@@Version: 3@@@Export/Deployment: 20.04.2015 23:05:13@@@</CheckinComment>
        <IsActive>false</IsActive>
        <XPathVersion>1.0</XPathVersion>
        <WorkflowModule moduleType="sdExtSystem">
          <ModuleId>2133994097</ModuleId>
          <ModuleName>DFC DB</ModuleName>
          <ParentModule moduleId="2133994129"/>
          <StyleSheet bgFillColor2="ffff00ff" borderColor="cccc00ff" fontColor="000000ff" xPos="330" yPos="535"/>
          <Properties version="4.1">
            <Property name="ResourcesLinked" type="List">
              <Property name="Module">KGDCReplicationSQLConn</Property>
              <Property name="Module">SQLGDCReplicationConn</Property>
            </Property>
            <Property name="ResourceType">Database Connector</Property>
            <Property name="ResourceSettings" type="Map">
              <Property displayDescription="Die Datenbank URL" name="dbURL">jdbc:sqlserver://jpvddfcdb:1433;DatabaseName=JPNStaging;SelectMethod=cursor</Property>
              <Property displayDescription="Die Datenbanktreiber-Klasse" name="driverClass">com.microsoft.sqlserver.jdbc.SQLServerDriver</Property>
              <Property name="user">BPMUser</Property>
              <Property encrypted="true" name="Password" type="Password">AES-voZsnSQ8Fwf8eLFWw9RV/w==</Property>
            </Property>
          </Properties>
        </WorkflowModule>
        <WorkflowModule moduleType="sdInubitIS">
          <ModuleId>2133994096</ModuleId>
          <ModuleName>inubit IS
jpwl314:6001</ModuleName>
          <ParentModule moduleId="2133994128"/>
          <StyleSheet labelDeltaX="45" labelDeltaY="50" xPos="415" yPos="315"/>
          <Connection moduleOutId="2133994086">
            <ConnectionId>5</ConnectionId>
            <StyleSheet lineThickness="1.0" lineType="1">
              <Junctures>
                <Point xPos="465" yPos="360"/>
                <Point xPos="520" yPos="360"/>
                <Point xPos="520" yPos="40"/>
                <Point xPos="470" yPos="40"/>
              </Junctures>
            </StyleSheet>
          </Connection>
          <Connection moduleOutId="2133994097">
            <ConnectionId>9</ConnectionId>
            <StyleSheet lineThickness="1.0" lineType="1">
              <Junctures>
                <Point xPos="440" yPos="365"/>
                <Point xPos="440" yPos="420"/>
                <Point xPos="370" yPos="420"/>
                <Point xPos="370" yPos="535"/>
              </Junctures>
            </StyleSheet>
          </Connection>
          <Connection moduleOutId="2133994083">
            <ConnectionId>7</ConnectionId>
            <StyleSheet lineThickness="1.0" lineType="1">
              <Junctures>
                <Point xPos="465" yPos="340"/>
                <Point xPos="500" yPos="340"/>
                <Point xPos="500" yPos="190"/>
                <Point xPos="440" yPos="190"/>
              </Junctures>
            </StyleSheet>
          </Connection>
        </WorkflowModule>
        <WorkflowModule moduleType="sdExtSystem">
          <ModuleId>2133994089</ModuleId>
          <ModuleName>AS400 Caller SP</ModuleName>
          <ParentModule moduleId="2133994127"/>
          <StyleSheet bgFillColor2="0000ccff" borderColor="330066ff" height="30" width="190" xPos="275" yPos="75"/>
          <Connection moduleOutId="2133994083">
            <ConnectionId>3</ConnectionId>
            <StyleSheet lineThickness="1.0" lineType="1">
              <Junctures>
                <Point xPos="370" yPos="105"/>
                <Point xPos="370" yPos="135"/>
                <Point xPos="370" yPos="135"/>
                <Point xPos="370" yPos="175"/>
              </Junctures>
            </StyleSheet>
          </Connection>
        </WorkflowModule>
        <WorkflowModule moduleType="sdExtSystem">
          <ModuleId>2133994086</ModuleId>
          <ModuleName>AS400 DB</ModuleName>
          <ParentModule moduleId="2133994127"/>
          <StyleSheet bgFillColor2="0000ccff" borderColor="330066ff" height="30" width="200" xPos="270" yPos="25"/>
          <Properties version="4.1">
            <Property name="ResourcesLinked" type="List">
              <Property name="Module">KorAS400ReplicationConn</Property>
            </Property>
            <Property name="ResourceType">Database Connector</Property>
            <Property name="ResourceSettings" type="Map">
              <Property displayDescription="Die Datenbank URL" name="dbURL">jdbc:as400://AMWJPN;prompt=false;naming=sql;errors=full;transaction isolation=none;date format=iso</Property>
              <Property displayDescription="Die Datenbanktreiber-Klasse" name="driverClass">com.ibm.as400.access.AS400JDBCDriver</Property>
              <Property name="user">AJBPMRPU</Property>
              <Property encrypted="true" name="Password" type="Password">AES-t9p56sDBwbtIINmIvy49aw==</Property>
            </Property>
          </Properties>
        </WorkflowModule>
        <WorkflowModule moduleType="sdExtSystem">
          <ModuleId>2133994083</ModuleId>
          <ModuleName>inubit Load Balancer
http://jpvdbpmrpl:6001</ModuleName>
          <ParentModule moduleId="2133994128"/>
          <StyleSheet bgFillColor2="ff00ccff" borderColor="660066ff" height="30" width="140" xPos="300" yPos="175"/>
          <Properties version="4.1">
            <Property name="ResourcesLinked" type="List">
              <Property name="Module">DistBatchLB</Property>
            </Property>
            <Property name="ResourceType">HTTP Connector</Property>
            <Property name="ResourceSettings" type="Map">
              <Property name="ServerName">http://internal-JpadDfcTestLB002-334320742.ap-southeast-1.elb.amazonaws.com/ibis/servlet/IBISHTTPUploadServlet/DistBatchLB</Property>
              <Property name="Login"/>
              <Property encrypted="true" name="Password" type="Password">bJwmx/Z1hjs=</Property>
              <Property name="SSLKeyStore" type="HTTPConnectorTrustStore"/>
            </Property>
          </Properties>
          <Connection moduleOutId="2133994096">
            <ConnectionId>6</ConnectionId>
            <StyleSheet lineThickness="1.0" lineType="1"/>
          </Connection>
          <Connection moduleOutId="2133994082">
            <ConnectionId>2</ConnectionId>
            <StyleSheet lineThickness="1.0" lineType="1"/>
          </Connection>
        </WorkflowModule>
        <WorkflowModule moduleType="sdInubitIS">
          <ModuleId>2133994082</ModuleId>
          <ModuleName>inubit IS
jpwl313:6001</ModuleName>
          <StyleSheet labelDeltaX="-43" labelDeltaY="49" xPos="265" yPos="315"/>
          <Connection moduleOutId="2133994086">
            <ConnectionId>4</ConnectionId>
            <StyleSheet lineThickness="1.0" lineType="1">
              <Junctures>
                <Point xPos="265" yPos="360"/>
                <Point xPos="200" yPos="360"/>
                <Point xPos="200" yPos="40"/>
                <Point xPos="270" yPos="40"/>
              </Junctures>
            </StyleSheet>
          </Connection>
          <Connection moduleOutId="2133994097">
            <ConnectionId>8</ConnectionId>
            <StyleSheet lineThickness="1.0" lineType="1">
              <Junctures>
                <Point xPos="290" yPos="365"/>
                <Point xPos="290" yPos="420"/>
                <Point xPos="370" yPos="420"/>
                <Point xPos="370" yPos="535"/>
              </Junctures>
            </StyleSheet>
          </Connection>
          <Connection moduleOutId="2133994083">
            <ConnectionId>1</ConnectionId>
            <StyleSheet lineThickness="1.0" lineType="1">
              <Junctures>
                <Point xPos="265" yPos="340"/>
                <Point xPos="220" yPos="340"/>
                <Point xPos="220" yPos="190"/>
                <Point xPos="300" yPos="190"/>
              </Junctures>
            </StyleSheet>
          </Connection>
        </WorkflowModule>
        <WorkflowModule moduleType="Label">
          <ModuleId>2133994128</ModuleId>
          <ModuleName>inubit v7.1 cluster</ModuleName>
          <StyleSheet bgColor="ffcccc64" borderColor="ff000064" height="310" width="400" xPos="160" yPos="150"/>
        </WorkflowModule>
        <WorkflowModule moduleType="Label">
          <ModuleId>2133994129</ModuleId>
          <ModuleName>SQL Server
Japan</ModuleName>
          <StyleSheet bgColor="ffffcc64" borderColor="ffcc0064" height="110" width="400" xPos="160" yPos="490"/>
        </WorkflowModule>
        <WorkflowModule moduleType="Label">
          <ModuleId>2133994127</ModuleId>
          <ModuleName>AS400</ModuleName>
          <StyleSheet height="110" width="400" xPos="160" yPos="10"/>
        </WorkflowModule>
      </Workflow>
    </WorkflowGroup>
  </Workflows>
</IBISWorkflow>
