<?xml version="1.0" encoding="UTF-8"?><IBISWorkflow version="5.3">
  <Workflows>
    <WorkflowGroup>
      <WorkflowGroupName>APAC-AS400-DFCReplication</WorkflowGroupName>
      <Workflow version="head" workflowType="technical">
        <WorkflowName>Apac-Stg-DBConn-DB2-MultiSite</WorkflowName>
        <WorkflowUId>-14212e9c:14c0c2be434:-7ffe</WorkflowUId>
        <CheckinComment>@@@Server: JpadDfcInubitV6lb1.ap-southeast-1.compute.internal@@@Version: 1@@@Export/Deployment: 20.04.2015 23:04:03@@@</CheckinComment>
        <IsActive>true</IsActive>
        <RunsParallel>true</RunsParallel>
        <ThreadLimit>1</ThreadLimit>
        <IsTransientMode>true</IsTransientMode>
        <IsTransientModeMonitoringSystemLog>true</IsTransientModeMonitoringSystemLog>
        <IsTransientModeDataStorageFileSystem>false</IsTransientModeDataStorageFileSystem>
        <XPathVersion>2.0</XPathVersion>
        <WorkflowModule moduleType="technical">
          <ModuleId>2134008462</ModuleId>
          <ModuleName>DB2ReplConn2</ModuleName>
          <ParentModule moduleId="2134004053"/>
          <StyleSheet xPos="280" yPos="190"/>
        </WorkflowModule>
        <WorkflowModule moduleType="technical">
          <ModuleId>2134012839</ModuleId>
          <ModuleName>DB2ReplConn10</ModuleName>
          <ParentModule moduleId="2134004053"/>
          <StyleSheet xPos="280" yPos="750"/>
        </WorkflowModule>
        <WorkflowModule moduleType="technical">
          <ModuleId>2134008464</ModuleId>
          <ModuleName>DB2ReplConn3</ModuleName>
          <ParentModule moduleId="2134004053"/>
          <StyleSheet xPos="280" yPos="260"/>
        </WorkflowModule>
        <WorkflowModule moduleType="technical">
          <ModuleId>2134004458</ModuleId>
          <ModuleName>DB2ReplConn4</ModuleName>
          <ParentModule moduleId="2134004053"/>
          <StyleSheet xPos="280" yPos="330"/>
        </WorkflowModule>
        <WorkflowModule moduleType="technical">
          <ModuleId>2134008460</ModuleId>
          <ModuleName>DB2ReplConn1</ModuleName>
          <ParentModule moduleId="2134004053"/>
          <StyleSheet xPos="170" yPos="110"/>
        </WorkflowModule>
        <WorkflowModule moduleType="technical">
          <ModuleId>2134004460</ModuleId>
          <ModuleName>DB2ReplConn5</ModuleName>
          <ParentModule moduleId="2134004053"/>
          <StyleSheet xPos="280" yPos="400"/>
        </WorkflowModule>
        <WorkflowModule moduleType="technical">
          <ModuleId>2134004462</ModuleId>
          <ModuleName>DB2ReplConn6</ModuleName>
          <ParentModule moduleId="2134004053"/>
          <StyleSheet xPos="280" yPos="470"/>
        </WorkflowModule>
        <WorkflowModule moduleType="technical">
          <ModuleId>2134004464</ModuleId>
          <ModuleName>DB2ReplConn7</ModuleName>
          <ParentModule moduleId="2134004053"/>
          <StyleSheet xPos="280" yPos="540"/>
        </WorkflowModule>
        <WorkflowModule moduleType="technical">
          <ModuleId>2134004058</ModuleId>
          <ModuleName>ChkSite1</ModuleName>
          <ParentModule moduleId="2134004053"/>
          <StyleSheet xPos="120" yPos="400"/>
          <Assignments>
            <copy ignoreMissingFromData="yes">
              <from contentType="text/xml" useInputDataStream="true"/>
              <to variable="varRequestXML"/>
            </copy>
          </Assignments>
          <Properties version="4.1">
            <Property name="DB2ReplConn8(2134004466)@@@DeMuxInput">varCountryCode@@@WFSP=@@@220</Property>
            <Property name="DB2ReplConn1(2134008460)@@@DeMuxInput">varCountryCode@@@WFSP=@@@070</Property>
            <Property name="DB2ReplConn4(2134004458)@@@ProcessingOrder">7</Property>
            <Property name="DB2ReplConn7(2134004464)@@@DeMuxInput">varCountryCode@@@WFSP=@@@200</Property>
            <Property name="DB2ReplConn8(2134004466)@@@Description">220</Property>
            <Property name="DB2ReplConn7(2134004464)@@@ProcessingOrder">4</Property>
            <Property name="DB2ReplConn2(2134008462)@@@Description">180</Property>
            <Property name="DB2ReplConn9(2134004468)@@@ProcessingOrder">9</Property>
            <Property name="DB2ReplConn10(2134012839)@@@Description">999</Property>
            <Property name="DB2ReplConn6(2134004462)@@@ProcessingOrder">5</Property>
            <Property name="DB2ReplConn3(2134008464)@@@DeMuxInput">varCountryCode@@@WFSP=@@@500</Property>
            <Property name="DB2ReplConn3(2134008464)@@@Description">500</Property>
            <Property name="DB2ReplConn5(2134004460)@@@Description">780</Property>
            <Property name="DB2ReplConn5(2134004460)@@@ProcessingOrder">6</Property>
            <Property name="DB2ReplConn8(2134004466)@@@ProcessingOrder">8</Property>
            <Property name="DB2ReplConn9(2134004468)@@@DeMuxInput">varCountryCode@@@WFSP=@@@350</Property>
            <Property name="DB2ReplConn6(2134004462)@@@Description">530</Property>
            <Property name="DB2ReplConn7(2134004464)@@@Description">200</Property>
            <Property name="DB2ReplConn6(2134004462)@@@DeMuxInput">varCountryCode@@@WFSP=@@@530</Property>
            <Property name="DB2ReplConn2(2134008462)@@@ProcessingOrder">2</Property>
            <Property name="DB2ReplConn10(2134012839)@@@ProcessingOrder">10</Property>
            <Property name="DB2ReplConn9(2134004468)@@@Description">350</Property>
            <Property name="DB2ReplConn2(2134008462)@@@DeMuxInput">varCountryCode@@@WFSP=@@@180</Property>
            <Property name="DB2ReplConn4(2134004458)@@@Description">100</Property>
            <Property name="DB2ReplConn1(2134008460)@@@ProcessingOrder">3</Property>
            <Property name="DB2ReplConn5(2134004460)@@@DeMuxInput">varCountryCode@@@WFSP=@@@780</Property>
            <Property name="DB2ReplConn1(2134008460)@@@Description">070</Property>
            <Property name="DB2ReplConn10(2134012839)@@@DeMuxInput">varCountryCode@@@=@@@999</Property>
            <Property name="DB2ReplConn4(2134004458)@@@DeMuxInput">varCountryCode@@@WFSP=@@@100</Property>
          </Properties>
          <Connection moduleOutId="2134012839">
            <ConnectionId>10</ConnectionId>
            <StyleSheet labelPosition="90.44444444444444">
              <Junctures>
                <Point xPos="180" yPos="420"/>
                <Point xPos="190" yPos="420"/>
                <Point xPos="190" yPos="420"/>
                <Point xPos="190" yPos="770"/>
                <Point xPos="190" yPos="770"/>
                <Point xPos="280" yPos="770"/>
              </Junctures>
            </StyleSheet>
          </Connection>
          <Connection moduleOutId="2134008460">
            <ConnectionId>1</ConnectionId>
            <StyleSheet labelPosition="92.63157894736842"/>
          </Connection>
          <Connection moduleOutId="2134004458">
            <ConnectionId>4</ConnectionId>
            <StyleSheet labelPosition="82.94117647058823"/>
          </Connection>
          <Connection moduleOutId="2134004460">
            <ConnectionId>5</ConnectionId>
            <StyleSheet labelPosition="71.0"/>
          </Connection>
          <Connection moduleOutId="2134004468">
            <ConnectionId>9</ConnectionId>
            <StyleSheet labelPosition="90.52631578947368">
              <Junctures>
                <Point xPos="180" yPos="420"/>
                <Point xPos="200" yPos="420"/>
                <Point xPos="200" yPos="420"/>
                <Point xPos="200" yPos="700"/>
                <Point xPos="200" yPos="700"/>
                <Point xPos="280" yPos="700"/>
              </Junctures>
            </StyleSheet>
          </Connection>
          <Connection moduleOutId="2134004466">
            <ConnectionId>8</ConnectionId>
            <StyleSheet labelPosition="90.0">
              <Junctures>
                <Point xPos="180" yPos="420"/>
                <Point xPos="210" yPos="420"/>
                <Point xPos="210" yPos="420"/>
                <Point xPos="210" yPos="630"/>
                <Point xPos="210" yPos="630"/>
                <Point xPos="281" yPos="630"/>
              </Junctures>
            </StyleSheet>
          </Connection>
          <Connection moduleOutId="2134008464">
            <ConnectionId>3</ConnectionId>
            <StyleSheet labelPosition="89.16666666666667"/>
          </Connection>
          <Connection moduleOutId="2134004464">
            <ConnectionId>7</ConnectionId>
            <StyleSheet labelPosition="85.9090909090909">
              <Junctures>
                <Point xPos="180" yPos="420"/>
                <Point xPos="220" yPos="420"/>
                <Point xPos="220" yPos="420"/>
                <Point xPos="220" yPos="560"/>
                <Point xPos="220" yPos="560"/>
                <Point xPos="280" yPos="560"/>
              </Junctures>
            </StyleSheet>
          </Connection>
          <Connection moduleOutId="2134008462">
            <ConnectionId>2</ConnectionId>
            <StyleSheet labelPosition="90.96774193548387"/>
          </Connection>
          <Connection moduleOutId="2134004462">
            <ConnectionId>6</ConnectionId>
            <StyleSheet labelPosition="80.66666666666667"/>
          </Connection>
        </WorkflowModule>
        <WorkflowModule moduleType="technical">
          <ModuleId>2134004614</ModuleId>
          <ModuleName>WC-ErrLogger21</ModuleName>
          <StyleSheet xPos="120" yPos="860"/>
          <Properties version="4.1">
            <Property name="OutputVariablesMap" type="Map"/>
            <Property name="InputVariablesMap" type="Map">
              <Property name="varCountryCode">varCountryCode</Property>
              <Property name="varRequestXML">varRequestXML</Property>
            </Property>
            <Property name="useVariableFiltering" type="Boolean">true</Property>
          </Properties>
        </WorkflowModule>
        <WorkflowModule moduleType="technical">
          <ModuleId>2134004468</ModuleId>
          <ModuleName>DB2ReplConn9</ModuleName>
          <ParentModule moduleId="2134004053"/>
          <StyleSheet xPos="280" yPos="680"/>
        </WorkflowModule>
        <WorkflowModule moduleType="technical">
          <ModuleId>2134004466</ModuleId>
          <ModuleName>DB2ReplConn8</ModuleName>
          <ParentModule moduleId="2134004053"/>
          <StyleSheet xPos="281" yPos="610"/>
        </WorkflowModule>
        <Variables requireVariableFiltering="true" xmlns:is="http://inubit.com/variables/types" xmlns:xs="http://www.w3.org/2001/XMLSchema">
          <Variable name="varDbUsr" type="xs:string"/>
          <Variable name="varDbConURL" type="xs:string"/>
          <Variable name="varDbPwd" type="xs:string"/>
          <Variable isOutputVariable="true" name="varRequestXML" type="is:anyElement"/>
          <Variable isInputVariable="true" isOutputVariable="true" name="varCountryCode" type="xs:string"/>
        </Variables>
        <WorkflowModule moduleType="Comment">
          <ModuleId>2134004095</ModuleId>
          <ModuleName>DB2 Connections: AS400 DB2 Asia-Pacific Sites</ModuleName>
          <StyleSheet fontStyle="1" height="30" width="330" xPos="50" yPos="50"/>
        </WorkflowModule>
        <WorkflowModule moduleType="Comment">
          <ModuleId>2134013519</ModuleId>
          <ModuleName>Malaysiam Singapore, Brunei(999): AS400 DB2</ModuleName>
          <StyleSheet height="30" width="240" xPos="380" yPos="750"/>
          <ParentModule moduleId="2134004053"/>
        </WorkflowModule>
        <WorkflowModule moduleType="Comment">
          <ModuleId>2134004703</ModuleId>
          <ModuleName>Singapore(530): AS400 DB2</ModuleName>
          <StyleSheet height="30" width="150" xPos="380" yPos="470"/>
          <ParentModule moduleId="2134004053"/>
        </WorkflowModule>
        <WorkflowModule moduleType="Comment">
          <ModuleId>2134004702</ModuleId>
          <ModuleName>Brunei(780): AS400 DB2</ModuleName>
          <StyleSheet height="30" width="150" xPos="380" yPos="400"/>
          <ParentModule moduleId="2134004053"/>
        </WorkflowModule>
        <WorkflowModule moduleType="Comment">
          <ModuleId>2134004701</ModuleId>
          <ModuleName>Malaysia(100): AS400 DB2</ModuleName>
          <StyleSheet height="30" width="150" xPos="380" yPos="330"/>
          <ParentModule moduleId="2134004053"/>
        </WorkflowModule>
        <WorkflowModule moduleType="Comment">
          <ModuleId>2134004695</ModuleId>
          <ModuleName>Japan(070): AS400 DB2</ModuleName>
          <StyleSheet height="30" width="150" xPos="380" yPos="120"/>
          <ParentModule moduleId="2134004053"/>
        </WorkflowModule>
        <WorkflowModule moduleType="Comment">
          <ModuleId>2134004696</ModuleId>
          <ModuleName>Korea(180): AS400 DB2</ModuleName>
          <StyleSheet height="30" width="150" xPos="380" yPos="190"/>
          <ParentModule moduleId="2134004053"/>
        </WorkflowModule>
        <WorkflowModule moduleType="Comment">
          <ModuleId>2134004697</ModuleId>
          <ModuleName>Vietnam(500): AS400 DB2</ModuleName>
          <StyleSheet height="30" width="150" xPos="380" yPos="260"/>
          <ParentModule moduleId="2134004053"/>
        </WorkflowModule>
        <WorkflowModule moduleType="endLoop">
          <ModuleId>2134004054</ModuleId>
        </WorkflowModule>
        <WorkflowModule moduleType="Scope">
          <ModuleId>2134004053</ModuleId>
          <ModuleName>Scope1</ModuleName>
          <EndLoopId>2134004054</EndLoopId>
          <Properties version="4.1">
            <Property name="error@@@CatchAll">WC-ErrLogger21(2134004614)</Property>
          </Properties>
          <StyleSheet height="750" labelDeltaX="-175" labelDeltaY="-321" width="401" xPos="50" yPos="85"/>
          <Connection moduleOutId="2134004614" scopeChildId="2134004565" type="error">
            <ConnectionId>25</ConnectionId>
          </Connection>
        </WorkflowModule>
        <WorkflowModule moduleType="Comment">
          <ModuleId>2134004717</ModuleId>
          <ModuleName>Indonesia(220): AS400 DB2</ModuleName>
          <StyleSheet height="30" width="150" xPos="380" yPos="610"/>
          <ParentModule moduleId="2134004053"/>
        </WorkflowModule>
        <WorkflowModule moduleType="Comment">
          <ModuleId>2134004716</ModuleId>
          <ModuleName>Thailand(200): AS400 DB2</ModuleName>
          <StyleSheet height="30" width="150" xPos="380" yPos="540"/>
          <ParentModule moduleId="2134004053"/>
        </WorkflowModule>
        <WorkflowModule moduleType="Comment">
          <ModuleId>2134004718</ModuleId>
          <ModuleName>Philippines(350): AS400 DB2</ModuleName>
          <StyleSheet height="30" width="150" xPos="380" yPos="680"/>
          <ParentModule moduleId="2134004053"/>
        </WorkflowModule>
      </Workflow>
      <Workflow version="head" workflowType="technical">
        <WorkflowName>Apac-Stg-DBConn-SQL-MultiSite</WorkflowName>
        <WorkflowUId>-14212e9c:14c0c2be434:-7ffd</WorkflowUId>
        <CheckinComment>@@@Server: JpadDfcInubitV6lb1.ap-southeast-1.compute.internal@@@Version: 1@@@Export/Deployment: 20.04.2015 23:04:03@@@</CheckinComment>
        <IsActive>true</IsActive>
        <RunsParallel>true</RunsParallel>
        <ThreadLimit>50</ThreadLimit>
        <IsTransientMode>true</IsTransientMode>
        <IsTransientModeMonitoringSystemLog>true</IsTransientModeMonitoringSystemLog>
        <IsTransientModeDataStorageFileSystem>false</IsTransientModeDataStorageFileSystem>
        <XPathVersion>2.0</XPathVersion>
        <WorkflowModule moduleType="technical">
          <ModuleId>2134005790</ModuleId>
          <ModuleName>WC-ErrLogger31</ModuleName>
          <StyleSheet xPos="120" yPos="870"/>
          <Properties version="4.1">
            <Property name="OutputVariablesMap" type="Map"/>
            <Property name="InputVariablesMap" type="Map">
              <Property name="varCountryCode">varCountryCode</Property>
              <Property name="varRequestXML">varRequestXML</Property>
            </Property>
            <Property name="useVariableFiltering" type="Boolean">true</Property>
          </Properties>
        </WorkflowModule>
        <WorkflowModule moduleType="technical">
          <ModuleId>2134005320</ModuleId>
          <ModuleName>SQLReplConn8</ModuleName>
          <ParentModule moduleId="2134004971"/>
          <StyleSheet xPos="280" yPos="620"/>
        </WorkflowModule>
        <WorkflowModule moduleType="technical">
          <ModuleId>2134005322</ModuleId>
          <ModuleName>SQLReplConn7</ModuleName>
          <ParentModule moduleId="2134004971"/>
          <StyleSheet xPos="280" yPos="550"/>
        </WorkflowModule>
        <WorkflowModule moduleType="technical">
          <ModuleId>2134015231</ModuleId>
          <ModuleName>SQLReplConn10</ModuleName>
          <ParentModule moduleId="2134004971"/>
          <StyleSheet xPos="280" yPos="760"/>
        </WorkflowModule>
        <WorkflowModule moduleType="technical">
          <ModuleId>2134005318</ModuleId>
          <ModuleName>SQLReplConn9</ModuleName>
          <ParentModule moduleId="2134004971"/>
          <StyleSheet xPos="280" yPos="690"/>
        </WorkflowModule>
        <WorkflowModule moduleType="technical">
          <ModuleId>2134005326</ModuleId>
          <ModuleName>SQLReplConn5</ModuleName>
          <ParentModule moduleId="2134004971"/>
          <StyleSheet xPos="280" yPos="410"/>
        </WorkflowModule>
        <WorkflowModule moduleType="technical">
          <ModuleId>2134008606</ModuleId>
          <ModuleName>SQLReplConn3</ModuleName>
          <ParentModule moduleId="2134004971"/>
          <StyleSheet xPos="280" yPos="270"/>
        </WorkflowModule>
        <WorkflowModule moduleType="technical">
          <ModuleId>2134005324</ModuleId>
          <ModuleName>SQLReplConn6</ModuleName>
          <ParentModule moduleId="2134004971"/>
          <StyleSheet xPos="280" yPos="480"/>
        </WorkflowModule>
        <WorkflowModule moduleType="technical">
          <ModuleId>2134008602</ModuleId>
          <ModuleName>SQLReplConn1</ModuleName>
          <ParentModule moduleId="2134004971"/>
          <StyleSheet xPos="280" yPos="130"/>
        </WorkflowModule>
        <WorkflowModule moduleType="technical">
          <ModuleId>2134005272</ModuleId>
          <ModuleName>ChkSiteSQL</ModuleName>
          <ParentModule moduleId="2134004971"/>
          <StyleSheet xPos="120" yPos="440"/>
          <Assignments xmlns:fn="http://www.w3.org/2005/xpath-functions" xmlns:xsi="http://www.w3.org/2001/XMLSchema-instance">
            <copy ignoreMissingFromData="yes">
              <from contentType="text/xml" useInputDataStream="true"/>
              <to variable="varRequestXML"/>
            </copy>
          </Assignments>
          <Properties version="4.1">
            <Property name="SQLReplConn8(2134005320)@@@ProcessingOrder">8</Property>
            <Property name="SQLReplConn10(2134015231)@@@ProcessingOrder">2</Property>
            <Property name="SQLReplConn2(2134008604)@@@Description">180</Property>
            <Property name="SQLReplConn4(2134005328)@@@Description">100</Property>
            <Property name="SQLReplConn7(2134005322)@@@ProcessingOrder">7</Property>
            <Property name="SQLReplConn4(2134005328)@@@DeMuxInput">varCountryCode@@@WFSP=@@@100</Property>
            <Property name="SQLReplConn2(2134008604)@@@DeMuxInput">varCountryCode@@@WFSP=@@@180</Property>
            <Property name="SQLReplConn10(2134015231)@@@DeMuxInput">varCountryCode@@@WFSP=@@@999</Property>
            <Property name="SQLReplConn3(2134008606)@@@Description">500</Property>
            <Property name="SQLReplConn8(2134005320)@@@Description">220</Property>
            <Property name="SQLReplConn3(2134008606)@@@DeMuxInput">varCountryCode@@@WFSP=@@@500</Property>
            <Property name="SQLReplConn7(2134005322)@@@Description">200</Property>
            <Property name="SQLReplConn5(2134005326)@@@Description">780</Property>
            <Property name="SQLReplConn4(2134005328)@@@ProcessingOrder">4</Property>
            <Property name="SQLReplConn2(2134008604)@@@ProcessingOrder">10</Property>
            <Property name="SQLReplConn9(2134005318)@@@ProcessingOrder">9</Property>
            <Property name="SQLReplConn7(2134005322)@@@DeMuxInput">varCountryCode@@@WFSP=@@@200</Property>
            <Property name="SQLReplConn5(2134005326)@@@ProcessingOrder">5</Property>
            <Property name="SQLReplConn6(2134005324)@@@DeMuxInput">varCountryCode@@@WFSP=@@@530</Property>
            <Property name="SQLReplConn1(2134008602)@@@Description">070</Property>
            <Property name="SQLReplConn9(2134005318)@@@DeMuxInput">varCountryCode@@@WFSP=@@@350</Property>
            <Property name="SQLReplConn6(2134005324)@@@ProcessingOrder">6</Property>
            <Property name="SQLReplConn10(2134015231)@@@Description">999</Property>
            <Property name="SQLReplConn9(2134005318)@@@Description">350</Property>
            <Property name="SQLReplConn8(2134005320)@@@DeMuxInput">varCountryCode@@@WFSP=@@@220</Property>
            <Property name="SQLReplConn1(2134008602)@@@DeMuxInput">varCountryCode@@@WFSP=@@@070</Property>
            <Property name="SQLReplConn5(2134005326)@@@DeMuxInput">varCountryCode@@@WFSP=@@@780</Property>
            <Property name="SQLReplConn3(2134008606)@@@ProcessingOrder">3</Property>
            <Property name="SQLReplConn6(2134005324)@@@Description">530</Property>
          </Properties>
          <Connection moduleOutId="2134008606">
            <ConnectionId>101</ConnectionId>
            <StyleSheet labelPosition="90.0"/>
          </Connection>
          <Connection moduleOutId="2134015231">
            <ConnectionId>2</ConnectionId>
            <StyleSheet labelPosition="93.11111111111111"/>
          </Connection>
          <Connection moduleOutId="2134008604">
            <ConnectionId>100</ConnectionId>
            <StyleSheet labelPosition="91.76470588235294"/>
          </Connection>
          <Connection moduleOutId="2134008602">
            <ConnectionId>99</ConnectionId>
            <StyleSheet labelPosition="93.17073170731707"/>
          </Connection>
          <Connection moduleOutId="2134005328">
            <ConnectionId>102</ConnectionId>
            <StyleSheet labelPosition="86.0"/>
          </Connection>
          <Connection moduleOutId="2134005326">
            <ConnectionId>103</ConnectionId>
            <StyleSheet labelPosition="78.46153846153847"/>
          </Connection>
          <Connection moduleOutId="2134005324">
            <ConnectionId>104</ConnectionId>
            <StyleSheet labelPosition="82.94117647058823"/>
          </Connection>
          <Connection moduleOutId="2134005322">
            <ConnectionId>105</ConnectionId>
            <StyleSheet labelPosition="88.33333333333333"/>
          </Connection>
          <Connection moduleOutId="2134005320">
            <ConnectionId>106</ConnectionId>
            <StyleSheet labelPosition="90.96774193548387"/>
          </Connection>
          <Connection moduleOutId="2134005318">
            <ConnectionId>107</ConnectionId>
            <StyleSheet labelPosition="92.63157894736842"/>
          </Connection>
        </WorkflowModule>
        <WorkflowModule moduleType="technical">
          <ModuleId>2134005328</ModuleId>
          <ModuleName>SQLReplConn4</ModuleName>
          <ParentModule moduleId="2134004971"/>
          <StyleSheet xPos="280" yPos="340"/>
        </WorkflowModule>
        <WorkflowModule moduleType="technical">
          <ModuleId>2134008604</ModuleId>
          <ModuleName>SQLReplConn2</ModuleName>
          <ParentModule moduleId="2134004971"/>
          <StyleSheet xPos="280" yPos="200"/>
        </WorkflowModule>
        <Variables requireVariableFiltering="true" xmlns:is="http://inubit.com/variables/types" xmlns:xs="http://www.w3.org/2001/XMLSchema">
          <Variable name="varDbUsr" type="xs:string"/>
          <Variable name="varDbConURL" type="xs:string"/>
          <Variable name="varDbPwd" type="xs:string"/>
          <Variable isInputVariable="true" isOutputVariable="true" name="varCountryCode" type="xs:string"/>
          <Variable isOutputVariable="true" name="varRequestXML" type="is:anyElement"/>
        </Variables>
        <WorkflowModule moduleType="Comment">
          <ModuleId>2134006486</ModuleId>
          <ModuleName>Brunei(780): BRNStaging</ModuleName>
          <StyleSheet height="30" width="160" xPos="380" yPos="410"/>
          <ParentModule moduleId="2134004971"/>
        </WorkflowModule>
        <WorkflowModule moduleType="Comment">
          <ModuleId>2134014885</ModuleId>
          <ModuleName>Malaysia, Singapore, Brunei(999): MSBStaging</ModuleName>
          <StyleSheet height="30" width="250" xPos="380" yPos="770"/>
          <ParentModule moduleId="2134004971"/>
        </WorkflowModule>
        <WorkflowModule moduleType="Comment">
          <ModuleId>2134006487</ModuleId>
          <ModuleName>Singapore(530): SGPStaging</ModuleName>
          <StyleSheet height="30" width="160" xPos="380" yPos="480"/>
          <ParentModule moduleId="2134004971"/>
        </WorkflowModule>
        <WorkflowModule moduleType="Comment">
          <ModuleId>2134006488</ModuleId>
          <ModuleName>Malaysia(100): MYSStaging</ModuleName>
          <StyleSheet height="30" width="160" xPos="380" yPos="340"/>
          <ParentModule moduleId="2134004971"/>
        </WorkflowModule>
        <WorkflowModule moduleType="Comment">
          <ModuleId>2134006489</ModuleId>
          <ModuleName>Indonesia(220): IDNStaging</ModuleName>
          <StyleSheet height="30" width="160" xPos="380" yPos="620"/>
          <ParentModule moduleId="2134004971"/>
        </WorkflowModule>
        <WorkflowModule moduleType="Comment">
          <ModuleId>2134005155</ModuleId>
          <ModuleName>Japan(070): JPNStaging</ModuleName>
          <StyleSheet height="30" width="160" xPos="380" yPos="130"/>
          <ParentModule moduleId="2134004971"/>
        </WorkflowModule>
        <WorkflowModule moduleType="Comment">
          <ModuleId>2134005156</ModuleId>
          <ModuleName>Korea(180): KORStaging</ModuleName>
          <StyleSheet height="30" width="160" xPos="380" yPos="200"/>
          <ParentModule moduleId="2134004971"/>
        </WorkflowModule>
        <WorkflowModule moduleType="Comment">
          <ModuleId>2134005157</ModuleId>
          <ModuleName>Vietnam(500): VNMStaging</ModuleName>
          <StyleSheet height="30" width="160" xPos="380" yPos="270"/>
          <ParentModule moduleId="2134004971"/>
        </WorkflowModule>
        <WorkflowModule moduleType="endLoop">
          <ModuleId>2134004972</ModuleId>
        </WorkflowModule>
        <WorkflowModule moduleType="Comment">
          <ModuleId>2134005012</ModuleId>
          <ModuleName>MS SQL Connections: Asia-Pacific Sites</ModuleName>
          <StyleSheet fontStyle="1" height="30" width="330" xPos="50" yPos="50"/>
        </WorkflowModule>
        <WorkflowModule moduleType="Comment">
          <ModuleId>2134006491</ModuleId>
          <ModuleName>Thailand(200): THAStaging</ModuleName>
          <StyleSheet height="30" width="160" xPos="380" yPos="550"/>
          <ParentModule moduleId="2134004971"/>
        </WorkflowModule>
        <WorkflowModule moduleType="Comment">
          <ModuleId>2134006490</ModuleId>
          <ModuleName>Philippines(350): PHLStaging</ModuleName>
          <StyleSheet height="30" width="160" xPos="380" yPos="690"/>
          <ParentModule moduleId="2134004971"/>
        </WorkflowModule>
        <WorkflowModule moduleType="Scope">
          <ModuleId>2134004971</ModuleId>
          <ModuleName>Scope1</ModuleName>
          <EndLoopId>2134004972</EndLoopId>
          <Properties version="4.1">
            <Property name="error@@@CatchAll">WC-ErrLogger31(2134005790)</Property>
          </Properties>
          <StyleSheet height="760" labelDeltaX="-174" labelDeltaY="-367" width="400" xPos="50" yPos="85"/>
          <Connection moduleOutId="2134005790" scopeChildId="2134005773" type="error">
            <ConnectionId>109</ConnectionId>
          </Connection>
        </WorkflowModule>
      </Workflow>
      <Workflow version="head" workflowType="technical">
        <WorkflowName>Apac-Stg-LB-BuffDataDistributor</WorkflowName>
        <WorkflowUId>-56c6273:148bff00f27:-7ffe</WorkflowUId>
        <CheckinComment>@@@Server: JpadDfcInubitV6lb1.ap-southeast-1.compute.internal@@@Version: 1@@@Export/Deployment: 20.04.2015 23:04:03@@@</CheckinComment>
        <IsActive>true</IsActive>
        <RunsParallel>true</RunsParallel>
        <ThreadLimit>100</ThreadLimit>
        <IsTransientMode>true</IsTransientMode>
        <IsTransientModeMonitoringSystemLog>true</IsTransientModeMonitoringSystemLog>
        <IsTransientModeDataStorageFileSystem>false</IsTransientModeDataStorageFileSystem>
        <XPathVersion>2.0</XPathVersion>
        <WorkflowModule moduleType="technical">
          <ModuleId>2133991680</ModuleId>
          <ModuleName>PriorityChk</ModuleName>
          <ParentModule moduleId="2134001100"/>
          <StyleSheet xPos="620" yPos="220"/>
          <Properties version="4.1">
            <Property name="WC-BuffRecordHi(2133991964)@@@Description">Hi</Property>
            <Property name="WC-BuffRecordMed(2133993543)@@@ProcessingOrder">2</Property>
            <Property name="ErrorSuppression" type="Boolean">true</Property>
            <Property name="WC-BuffRecordHi(2133991964)@@@DeMuxInput">varPriority@@@WFSP=@@@HI</Property>
            <Property name="WC-BuffRecordLo(2133993566)@@@ProcessingOrder">3</Property>
            <Property name="WC-BuffRecordLo(2133993566)@@@Description">Lo</Property>
            <Property name="WC-BuffRecordMed(2133993543)@@@Description">Med</Property>
            <Property name="WC-BuffRecordMed(2133993543)@@@DeMuxInput">varPriority@@@WFSP=@@@MED@@@OR@@@varPriority@@@WFSP=@@@''</Property>
            <Property name="WC-BuffRecordLo(2133993566)@@@DeMuxInput">varPriority@@@WFSP=@@@LO</Property>
          </Properties>
          <Connection moduleOutId="2133993543">
            <ConnectionId>12</ConnectionId>
            <StyleSheet labelPosition="50.0"/>
          </Connection>
          <Connection moduleOutId="2133993566">
            <ConnectionId>13</ConnectionId>
            <StyleSheet labelPosition="50.0"/>
          </Connection>
          <Connection moduleOutId="2133991964">
            <ConnectionId>7</ConnectionId>
            <StyleSheet labelPosition="50.0"/>
          </Connection>
        </WorkflowModule>
        <WorkflowModule moduleType="technical">
          <ModuleId>2133991682</ModuleId>
          <ModuleName>DistributionChkLB</ModuleName>
          <ParentModule moduleId="2134001100"/>
          <StyleSheet xPos="480" yPos="220"/>
          <Properties version="4.1">
            <Property name="PriorityChk(2133991680)@@@Description">OK</Property>
            <Property name="PriorityChk(2133991680)@@@DeMuxInput">/call/value[1]/text()='N'@@@=@@@true@@@AND@@@fn:exists(/call/ReturnedResultSets/ResultSet)@@@=@@@true</Property>
            <Property name="ExitDistribution(2133991684)@@@Description">NoRecords</Property>
            <Property name="DefaultOutput">ExitDistribution(2133991684)</Property>
            <Property name="ExitDistribution(2133991684)@@@ProcessingOrder">2</Property>
          </Properties>
          <Connection moduleOutId="2133991684">
            <ConnectionId>11</ConnectionId>
            <StyleSheet labelPosition="50.0"/>
          </Connection>
          <Connection moduleOutId="2133991680">
            <ConnectionId>10</ConnectionId>
            <StyleSheet labelPosition="50.0"/>
          </Connection>
        </WorkflowModule>
        <WorkflowModule moduleType="technical">
          <ModuleId>2133993566</ModuleId>
          <ModuleName>WC-BuffRecordLo</ModuleName>
          <ParentModule moduleId="2134001100"/>
          <StyleSheet xPos="780" yPos="310"/>
          <Properties version="4.1">
            <Property name="OutputVariablesMap" type="Map"/>
            <Property name="InputVariablesMap" type="Map">
              <Property name="varBufBatPickupTime">varBufBatPickupTime</Property>
            </Property>
            <Property name="useVariableFiltering" type="Boolean">true</Property>
          </Properties>
        </WorkflowModule>
        <WorkflowModule moduleType="technical">
          <ModuleId>2133991502</ModuleId>
          <ModuleName>DistBatchLBin</ModuleName>
          <ParentModule moduleId="2134001100"/>
          <StyleSheet xPos="220" yPos="220"/>
          <Assignments>
            <copy ignoreMissingFromData="yes">
              <from>
                <literal>070</literal>
              </from>
              <to variable="varCountryCode"/>
            </copy>
          </Assignments>
          <Connection moduleOutId="2133991580">
            <ConnectionId>8</ConnectionId>
            <StyleSheet labelPosition="50.0"/>
          </Connection>
        </WorkflowModule>
        <WorkflowModule moduleType="technical">
          <ModuleId>2133991580</ModuleId>
          <ModuleName>InitDistributionLB</ModuleName>
          <ParentModule moduleId="2134001100"/>
          <StyleSheet xPos="350" yPos="220"/>
          <Assignments xmlns:formatter="com.inubit.ibis.xsltext.Formatter">
            <copy ignoreMissingFromData="yes">
              <from expressionLanguage="urn:oasis:names:tc:wsbpel:2.0:sublang:xpath1.0">$ISCurrentTime</from>
              <to variable="RequestId"/>
            </copy>
            <copy ignoreMissingFromData="yes">
              <from>
                <literal>1</literal>
              </from>
              <to variable="varBatchCounter"/>
            </copy>
            <copy ignoreMissingFromData="yes">
              <from expressionLanguage="urn:oasis:names:tc:wsbpel:2.0:sublang:xpath1.0">formatter:getDateTime('yyyy-MM-dd HH:mm:ss.SSS')</from>
              <to variable="varBufBatPickupTime"/>
            </copy>
            <copy ignoreMissingFromData="yes">
              <from variable="varBufBatPickupTime"/>
              <to variable="inBufBatPickupTime"/>
            </copy>
            <copy ignoreMissingFromData="yes">
              <from expressionLanguage="urn:oasis:names:tc:wsbpel:2.0:sublang:xpath1.0">$httpheader.request.setpriority</from>
              <to variable="varPriority"/>
            </copy>
          </Assignments>
          <Connection moduleOutId="2133991682">
            <ConnectionId>9</ConnectionId>
            <StyleSheet labelPosition="50.0"/>
          </Connection>
        </WorkflowModule>
        <WorkflowModule moduleType="technical">
          <ModuleId>2133993543</ModuleId>
          <ModuleName>WC-BuffRecordMed</ModuleName>
          <ParentModule moduleId="2134001100"/>
          <StyleSheet xPos="780" yPos="220"/>
          <Properties version="4.1">
            <Property name="OutputVariablesMap" type="Map"/>
            <Property name="InputVariablesMap" type="Map">
              <Property name="varBufBatPickupTime">varBufBatPickupTime</Property>
            </Property>
            <Property name="useVariableFiltering" type="Boolean">true</Property>
          </Properties>
        </WorkflowModule>
        <WorkflowModule moduleType="technical">
          <ModuleId>2134001263</ModuleId>
          <ModuleName>WC-ErrLogger4</ModuleName>
          <StyleSheet xPos="220" yPos="420"/>
          <Properties version="4.1">
            <Property name="OutputVariablesMap" type="Map"/>
            <Property name="InputVariablesMap" type="Map">
              <Property name="varCountryCode">varCountryCode</Property>
              <Property name="varRequestXML">varRequestXML</Property>
            </Property>
            <Property name="useVariableFiltering" type="Boolean">true</Property>
          </Properties>
        </WorkflowModule>
        <WorkflowModule moduleType="technical">
          <ModuleId>2133991964</ModuleId>
          <ModuleName>WC-BuffRecordHi</ModuleName>
          <ParentModule moduleId="2134001100"/>
          <StyleSheet xPos="780" yPos="130"/>
          <Properties version="4.1">
            <Property name="OutputVariablesMap" type="Map"/>
            <Property name="InputVariablesMap" type="Map">
              <Property name="varBufBatPickupTime">varBufBatPickupTime</Property>
            </Property>
            <Property name="useVariableFiltering" type="Boolean">true</Property>
          </Properties>
        </WorkflowModule>
        <WorkflowModule moduleType="technical">
          <ModuleId>2133991684</ModuleId>
          <ModuleName>ExitDistribution</ModuleName>
          <ParentModule moduleId="2134001100"/>
          <StyleSheet xPos="620" yPos="310"/>
        </WorkflowModule>
        <Variables requireVariableFiltering="true" xmlns:is="http://inubit.com/variables/types" xmlns:xs="http://www.w3.org/2001/XMLSchema">
          <Variable isOutputVariable="true" name="inBufBatPickupTime" type="xs:string"/>
          <Variable name="varBatchCounter" type="xs:int"/>
          <Variable name="varPriority" type="xs:string"/>
          <Variable isOutputVariable="true" name="varCountryCode" type="xs:string"/>
          <Variable isOutputVariable="true" name="varRequestXML" type="is:anyElement"/>
          <Variable name="varBufBatPickupTime" type="xs:string"/>
          <Variable name="RequestId" type="xs:string"/>
        </Variables>
        <WorkflowModule moduleType="Scope">
          <ModuleId>2134001100</ModuleId>
          <ModuleName>Scope1</ModuleName>
          <EndLoopId>2134001101</EndLoopId>
          <Properties version="4.1">
            <Property name="error@@@CatchAll">WC-ErrLogger4(2134001263)</Property>
          </Properties>
          <StyleSheet height="290" width="750" xPos="150" yPos="95"/>
          <Connection moduleOutId="2134001263" scopeChildId="2134001249" type="error">
            <ConnectionId>1</ConnectionId>
          </Connection>
        </WorkflowModule>
        <WorkflowModule moduleType="endLoop">
          <ModuleId>2134001101</ModuleId>
        </WorkflowModule>
      </Workflow>
      <Workflow version="head" workflowType="technical">
        <WorkflowName>Apac-Stg-LB-BuffDataReceiver</WorkflowName>
        <WorkflowUId>-56c6273:148bff00f27:-7fff</WorkflowUId>
        <CheckinComment>@@@Server: JpadDfcInubitV6lb1.ap-southeast-1.compute.internal@@@Version: 1@@@Export/Deployment: 20.04.2015 23:04:03@@@</CheckinComment>
        <IsActive>true</IsActive>
        <RunsParallel>true</RunsParallel>
        <ThreadLimit>100</ThreadLimit>
        <IsTransientMode>true</IsTransientMode>
        <IsTransientModeMonitoringSystemLog>true</IsTransientModeMonitoringSystemLog>
        <IsTransientModeDataStorageFileSystem>false</IsTransientModeDataStorageFileSystem>
        <XPathVersion>2.0</XPathVersion>
        <WorkflowModule moduleType="technical">
          <ModuleId>2133991024</ModuleId>
          <ModuleName>DistBatchLB</ModuleName>
          <ParentModule moduleId="2133998695"/>
          <StyleSheet xPos="620" yPos="200"/>
          <Assignments>
            <copy ignoreMissingFromData="yes">
              <from variable="srcPriority"/>
              <to moduleProperty="httpheader.setpriority"/>
            </copy>
          </Assignments>
        </WorkflowModule>
        <WorkflowModule moduleType="technical">
          <ModuleId>2133998933</ModuleId>
          <ModuleName>WC-ErrLogger1</ModuleName>
          <StyleSheet xPos="220" yPos="380"/>
          <Properties version="4.1">
            <Property name="OutputVariablesMap" type="Map"/>
            <Property name="InputVariablesMap" type="Map">
              <Property name="varCountryCode">varCountryCode</Property>
              <Property name="varRequestXML">varPayload</Property>
            </Property>
            <Property name="useVariableFiltering" type="Boolean">true</Property>
          </Properties>
        </WorkflowModule>
        <WorkflowModule moduleType="technical">
          <ModuleId>2133990966</ModuleId>
          <ModuleName>DataFormatterLB</ModuleName>
          <ParentModule moduleId="2133998695"/>
          <StyleSheet xPos="340" yPos="200"/>
          <Connection moduleOutId="2133990984">
            <ConnectionId>2</ConnectionId>
            <StyleSheet labelPosition="50.0"/>
          </Connection>
        </WorkflowModule>
        <WorkflowModule moduleType="technical">
          <ModuleId>2133991047</ModuleId>
          <ModuleName>ExitReceiver</ModuleName>
          <ParentModule moduleId="2133998695"/>
          <StyleSheet xPos="620" yPos="280"/>
        </WorkflowModule>
        <WorkflowModule moduleType="technical">
          <ModuleId>2133990984</ModuleId>
          <ModuleName>ChkCopyDmxLB</ModuleName>
          <ParentModule moduleId="2133998695"/>
          <StyleSheet xPos="480" yPos="200"/>
          <Assignments>
            <copy ignoreMissingFromData="yes">
              <from expressionLanguage="urn:oasis:names:tc:wsbpel:2.0:sublang:xpath1.0">$PRIORITY</from>
              <to variable="srcPriority"/>
            </copy>
          </Assignments>
          <Properties version="4.1">
            <Property name="ExitReceiver(2133991047)@@@ProcessingOrder">2</Property>
            <Property name="DefaultOutput">ExitReceiver(2133991047)</Property>
            <Property name="DistBatchLB(2133991024)@@@DeMuxInput">fn:exists(/call/ReturnedResultSets/ResultSet)@@@=@@@true</Property>
            <Property name="DistBatchLB(2133991024)@@@Description">OK</Property>
            <Property name="ExitReceiver(2133991047)@@@Description">NG</Property>
          </Properties>
          <Connection moduleOutId="2133991024">
            <ConnectionId>3</ConnectionId>
            <StyleSheet labelPosition="50.0"/>
          </Connection>
          <Connection moduleOutId="2133991047">
            <ConnectionId>4</ConnectionId>
            <StyleSheet labelPosition="74.375">
              <Junctures>
                <Point xPos="540" yPos="220"/>
                <Point xPos="560" yPos="220"/>
                <Point xPos="560" yPos="220"/>
                <Point xPos="560" yPos="300"/>
                <Point xPos="560" yPos="300"/>
                <Point xPos="620" yPos="300"/>
              </Junctures>
            </StyleSheet>
          </Connection>
        </WorkflowModule>
        <WorkflowModule moduleType="technical">
          <ModuleId>2133990949</ModuleId>
          <ModuleName>BuffDataReceiver</ModuleName>
          <ParentModule moduleId="2133998695"/>
          <StyleSheet xPos="210" yPos="200"/>
          <Assignments>
            <copy ignoreMissingFromData="yes">
              <from contentType="text/xml" useInputDataStream="true"/>
              <to variable="varPayload"/>
            </copy>
            <copy ignoreMissingFromData="yes">
              <from>
                <literal>070</literal>
              </from>
              <to variable="varCountryCode"/>
            </copy>
          </Assignments>
          <Connection moduleOutId="2133990966">
            <ConnectionId>6</ConnectionId>
            <StyleSheet labelPosition="50.0"/>
          </Connection>
        </WorkflowModule>
        <Variables requireVariableFiltering="true" xmlns:is="http://inubit.com/variables/types" xmlns:xs="http://www.w3.org/2001/XMLSchema">
          <Variable name="srcPriority" type="xs:string"/>
          <Variable name="PRIORITY" type="xs:string"/>
          <Variable isOutputVariable="true" name="varPayload" type="is:anyElement"/>
          <Variable isOutputVariable="true" name="varCountryCode" type="xs:string"/>
        </Variables>
        <WorkflowModule moduleType="Scope">
          <ModuleId>2133998695</ModuleId>
          <ModuleName>Scope1</ModuleName>
          <EndLoopId>2133998696</EndLoopId>
          <Properties version="4.1">
            <Property name="error@@@CatchAll">WC-ErrLogger1(2133998933)</Property>
          </Properties>
          <StyleSheet height="250" width="590" xPos="150" yPos="95"/>
          <Connection moduleOutId="2133998933" scopeChildId="2133998921" type="error">
            <ConnectionId>10</ConnectionId>
          </Connection>
        </WorkflowModule>
        <WorkflowModule moduleType="endLoop">
          <ModuleId>2133998696</ModuleId>
        </WorkflowModule>
      </Workflow>
      <Workflow version="head" workflowType="technical">
        <WorkflowName>Apac-Stg-LB-RecordDistWrapperHi</WorkflowName>
        <WorkflowUId>-56c6273:148bff00f27:-7ffd</WorkflowUId>
        <CheckinComment>@@@Server: JpadDfcInubitV6lb1.ap-southeast-1.compute.internal@@@Version: 1@@@Export/Deployment: 20.04.2015 23:04:03@@@</CheckinComment>
        <IsActive>true</IsActive>
        <RunsParallel>true</RunsParallel>
        <ThreadLimit>300</ThreadLimit>
        <Priority>higher</Priority>
        <IsTransientMode>true</IsTransientMode>
        <IsTransientModeMonitoringSystemLog>true</IsTransientModeMonitoringSystemLog>
        <IsTransientModeDataStorageFileSystem>false</IsTransientModeDataStorageFileSystem>
        <XPathVersion>2.0</XPathVersion>
        <WorkflowModule moduleType="technical">
          <ModuleId>2133991873</ModuleId>
          <ModuleName>WC-RecordDistributor</ModuleName>
          <ParentModule moduleId="2137287058"/>
          <StyleSheet xPos="150" yPos="130"/>
          <Properties version="4.1">
            <Property name="OutputVariablesMap" type="Map"/>
            <Property name="InputVariablesMap" type="Map">
              <Property name="varBufBatPickupTime">varBufBatPickupTime</Property>
            </Property>
            <Property name="useVariableFiltering" type="Boolean">true</Property>
          </Properties>
        </WorkflowModule>
        <Variables requireVariableFiltering="true" xmlns:xs="http://www.w3.org/2001/XMLSchema">
          <Variable isInputVariable="true" isOutputVariable="true" name="varBufBatPickupTime" type="xs:string"/>
        </Variables>
        <WorkflowModule moduleType="Comment">
          <ModuleId>2137287002</ModuleId>
          <ModuleName>Routes High Priority records for processing</ModuleName>
          <StyleSheet height="30" width="280" xPos="50" yPos="50"/>
        </WorkflowModule>
        <WorkflowModule moduleType="Label">
          <ModuleId>2137287058</ModuleId>
          <StyleSheet height="130" width="250" xPos="50" yPos="80"/>
        </WorkflowModule>
      </Workflow>
      <Workflow version="head" workflowType="technical">
        <WorkflowName>Apac-Stg-LB-RecordDistWrapperLo</WorkflowName>
        <WorkflowUId>-56c6273:148bff00f27:-7ffb</WorkflowUId>
        <CheckinComment>@@@Server: JpadDfcInubitV6lb1.ap-southeast-1.compute.internal@@@Version: 1@@@Export/Deployment: 20.04.2015 23:04:03@@@</CheckinComment>
        <IsActive>true</IsActive>
        <RunsParallel>true</RunsParallel>
        <ThreadLimit>300</ThreadLimit>
        <Priority>lower</Priority>
        <IsTransientMode>true</IsTransientMode>
        <IsTransientModeMonitoringSystemLog>true</IsTransientModeMonitoringSystemLog>
        <IsTransientModeDataStorageFileSystem>false</IsTransientModeDataStorageFileSystem>
        <XPathVersion>2.0</XPathVersion>
        <WorkflowModule moduleType="technical">
          <ModuleId>2133993789</ModuleId>
          <ModuleName>WC-RecordDistributorLo</ModuleName>
          <ParentModule moduleId="2137287013"/>
          <StyleSheet xPos="150" yPos="130"/>
          <Properties version="4.1">
            <Property name="OutputVariablesMap" type="Map"/>
            <Property name="InputVariablesMap" type="Map">
              <Property name="varBufBatPickupTime">varBufBatPickupTime</Property>
            </Property>
            <Property name="useVariableFiltering" type="Boolean">true</Property>
          </Properties>
        </WorkflowModule>
        <Variables requireVariableFiltering="true" xmlns:xs="http://www.w3.org/2001/XMLSchema">
          <Variable isInputVariable="true" isOutputVariable="true" name="varBufBatPickupTime" type="xs:string"/>
        </Variables>
        <WorkflowModule moduleType="Comment">
          <ModuleId>2137286997</ModuleId>
          <ModuleName>Routes Low Priority records for processing</ModuleName>
          <StyleSheet height="30" width="280" xPos="50" yPos="50"/>
        </WorkflowModule>
        <WorkflowModule moduleType="Label">
          <ModuleId>2137287013</ModuleId>
          <StyleSheet height="130" width="250" xPos="50" yPos="80"/>
        </WorkflowModule>
      </Workflow>
      <Workflow version="head" workflowType="technical">
        <WorkflowName>Apac-Stg-LB-RecordDistWrapperMed</WorkflowName>
        <WorkflowUId>-56c6273:148bff00f27:-7ffc</WorkflowUId>
        <CheckinComment>@@@Server: JpadDfcInubitV6lb1.ap-southeast-1.compute.internal@@@Version: 1@@@Export/Deployment: 20.04.2015 23:04:03@@@</CheckinComment>
        <IsActive>true</IsActive>
        <RunsParallel>true</RunsParallel>
        <ThreadLimit>300</ThreadLimit>
        <IsTransientMode>true</IsTransientMode>
        <IsTransientModeMonitoringSystemLog>true</IsTransientModeMonitoringSystemLog>
        <IsTransientModeDataStorageFileSystem>false</IsTransientModeDataStorageFileSystem>
        <XPathVersion>2.0</XPathVersion>
        <WorkflowModule moduleType="technical">
          <ModuleId>2133991907</ModuleId>
          <ModuleName>WC-RecordDistributorMed</ModuleName>
          <ParentModule moduleId="2137286988"/>
          <StyleSheet xPos="150" yPos="130"/>
          <Properties version="4.1">
            <Property name="OutputVariablesMap" type="Map"/>
            <Property name="InputVariablesMap" type="Map">
              <Property name="varBufBatPickupTime">varBufBatPickupTime</Property>
            </Property>
            <Property name="useVariableFiltering" type="Boolean">true</Property>
          </Properties>
        </WorkflowModule>
        <Variables requireVariableFiltering="true" xmlns:xs="http://www.w3.org/2001/XMLSchema">
          <Variable isInputVariable="true" isOutputVariable="true" name="varBufBatPickupTime" type="xs:string"/>
        </Variables>
        <WorkflowModule moduleType="Comment">
          <ModuleId>2137286973</ModuleId>
          <ModuleName>Routes Medium Priority records for processing</ModuleName>
          <StyleSheet height="30" width="280" xPos="50" yPos="50"/>
        </WorkflowModule>
        <WorkflowModule moduleType="Label">
          <ModuleId>2137286988</ModuleId>
          <StyleSheet height="130" width="250" xPos="50" yPos="80"/>
        </WorkflowModule>
      </Workflow>
      <Workflow version="head" workflowType="technical">
        <WorkflowName>Apac-Stg-ProcessBufferData</WorkflowName>
        <WorkflowUId>230dbc04:14cbf6c29d2:-7fef</WorkflowUId>
        <CheckinComment>@@@Server: JpadDfcInubitV6lb1.ap-southeast-1.compute.internal@@@Version: 1@@@Export/Deployment: 20.04.2015 23:04:03@@@</CheckinComment>
        <IsActive>true</IsActive>
        <RunsParallel>true</RunsParallel>
        <InputOutputNumberMessages>10</InputOutputNumberMessages>
        <InputOutputLoggingSynchronized>true</InputOutputLoggingSynchronized>
        <XPathVersion>2.0</XPathVersion>
        <WorkflowModule moduleType="technical">
          <ModuleId>2133716828</ModuleId>
          <ModuleName>StgInsQryBuilder1</ModuleName>
          <ParentModule moduleId="2133998115"/>
          <StyleSheet xPos="470" yPos="200"/>
          <Connection moduleOutId="2133994042">
            <ConnectionId>6</ConnectionId>
            <StyleSheet labelPosition="50.0"/>
          </Connection>
        </WorkflowModule>
        <WorkflowModule moduleType="technical">
          <ModuleId>2133844901</ModuleId>
          <ModuleName>NValuesSeperator</ModuleName>
          <ParentModule moduleId="2133998115"/>
          <StyleSheet xPos="210" yPos="200"/>
          <Connection moduleOutId="2133844903">
            <ConnectionId>14</ConnectionId>
            <StyleSheet labelPosition="50.0"/>
          </Connection>
        </WorkflowModule>
        <WorkflowModule moduleType="technical">
          <ModuleId>2133994042</ModuleId>
          <ModuleName>WC-MultiSiteDbConn</ModuleName>
          <ParentModule moduleId="2133998115"/>
          <StyleSheet xPos="600" yPos="290"/>
          <Properties version="4.1">
            <Property name="OutputVariablesMap" type="Map"/>
            <Property name="InputVariablesMap" type="Map">
              <Property name="varCountryCode">varCountryCode</Property>
            </Property>
            <Property name="useVariableFiltering" type="Boolean">true</Property>
          </Properties>
        </WorkflowModule>
        <WorkflowModule moduleType="technical">
          <ModuleId>2133844903</ModuleId>
          <ModuleName>BldMetadataXML2</ModuleName>
          <ParentModule moduleId="2133998115"/>
          <StyleSheet xPos="350" yPos="200"/>
          <Assignments xmlns:fn="http://www.w3.org/2005/xpath-functions" xmlns:formatter="com.inubit.ibis.xsltext.Formatter" xmlns:xsi="http://www.w3.org/2001/XMLSchema-instance">
            <copy ignoreMissingFromData="yes">
              <from contentType="text/xml" useOutputDataStream="true"/>
              <to variable="varMetadataXML"/>
            </copy>
            <copy ignoreMissingFromData="yes">
              <from contentType="text/xml" useInputDataStream="true"/>
              <to variable="varFieldValueTags"/>
            </copy>
            <copy ignoreMissingFromData="yes">
              <from expressionLanguage="urn:oasis:names:tc:wsbpel:2.0:sublang:xpath1.0">$ISCurrentTime</from>
              <to variable="RequestId"/>
            </copy>
            <copy ignoreMissingFromData="no">
              <from expressionLanguage="urn:oasis:names:tc:wsbpel:2.0:sublang:xpath1.0">formatter:getDateTime('yyyy-MM-dd HH:mm:ss.SSS')</from>
              <to variable="varProcessingStartTS"/>
            </copy>
          </Assignments>
          <Connection moduleOutId="2133716828">
            <ConnectionId>16</ConnectionId>
            <StyleSheet labelPosition="50.0"/>
          </Connection>
        </WorkflowModule>
        <WorkflowModule moduleType="technical">
          <ModuleId>2133716519</ModuleId>
          <ModuleName>InitProcessing</ModuleName>
          <StyleSheet xPos="30" yPos="200"/>
          <Assignments xmlns:fn="http://www.w3.org/2005/xpath-functions" xmlns:xsi="http://www.w3.org/2001/XMLSchema-instance">
            <copy ignoreMissingFromData="yes">
              <from>
                <literal>&lt;FieldValues&gt;&lt;/FieldValues&gt;</literal>
              </from>
              <to variable="varFieldValueTags"/>
            </copy>
            <copy ignoreMissingFromData="yes">
              <from contentType="text/xml" useInputDataStream="true">
                <query>/Row/Column[2]/Value/text()</query>
              </from>
              <to variable="varTableName"/>
            </copy>
            <copy ignoreMissingFromData="yes">
              <from contentType="text/xml" useInputDataStream="true"/>
              <to variable="varBufRow"/>
            </copy>
            <copy ignoreMissingFromData="yes">
              <from contentType="text/xml" useInputDataStream="true">
                <query>/Row/Column[Name='FLDSEP']/Value/text()</query>
              </from>
              <to variable="varToken"/>
            </copy>
            <copy ignoreMissingFromData="yes">
              <from contentType="text/xml" useInputDataStream="true">
                <query>/Row/Column[Name='CNTRCD']/Value/text()</query>
              </from>
              <to variable="varCountryCode"/>
            </copy>
          </Assignments>
          <Connection moduleOutId="2133998115">
            <ConnectionId>8</ConnectionId>
            <StyleSheet labelPosition="50.0"/>
          </Connection>
        </WorkflowModule>
        <WorkflowModule moduleType="technical">
          <ModuleId>2133717292</ModuleId>
          <ModuleName>WC-KGDCStgDBConn</ModuleName>
          <ParentModule moduleId="2133998115"/>
          <StyleSheet xPos="600" yPos="200"/>
          <Properties version="4.1">
            <Property name="OutputVariablesMap" type="Map"/>
            <Property name="InputVariablesMap" type="Map">
              <Property name="RequestId">RequestId</Property>
            </Property>
            <Property name="useVariableFiltering" type="Boolean">true</Property>
          </Properties>
        </WorkflowModule>
        <WorkflowModule moduleType="technical">
          <ModuleId>2133998645</ModuleId>
          <ModuleName>WC-ErrLogger</ModuleName>
          <StyleSheet xPos="210" yPos="380"/>
          <Properties version="4.1">
            <Property name="OutputVariablesMap" type="Map"/>
            <Property name="InputVariablesMap" type="Map">
              <Property name="varCountryCode">varCountryCode</Property>
              <Property name="varRequestXML">varBufRow</Property>
            </Property>
            <Property name="useVariableFiltering" type="Boolean">true</Property>
          </Properties>
        </WorkflowModule>
        <Variables requireVariableFiltering="true" xmlns:is="http://inubit.com/variables/types" xmlns:xs="http://www.w3.org/2001/XMLSchema">
          <Variable name="varTableName" type="xs:string"/>
          <Variable isOutputVariable="true" name="varFieldValueTags" type="is:anyElement"/>
          <Variable name="varToken" type="xs:string"/>
          <Variable isOutputVariable="true" name="varCountryCode" type="xs:string"/>
          <Variable isInputVariable="true" name="varBufBatPickupTime" type="xs:string"/>
          <Variable isOutputVariable="true" name="varProcessingStartTS" type="xs:string"/>
          <Variable name="RequestId" type="xs:string"/>
          <Variable isOutputVariable="true" name="varMetadataXML" type="is:anyElement"/>
          <Variable isOutputVariable="true" name="varBufRow" type="is:anyElement"/>
        </Variables>
        <WorkflowModule moduleType="endLoop">
          <ModuleId>2133998116</ModuleId>
        </WorkflowModule>
        <WorkflowModule moduleType="Scope">
          <ModuleId>2133998115</ModuleId>
          <ModuleName>Scope1</ModuleName>
          <EndLoopId>2133998116</EndLoopId>
          <Properties version="4.1">
            <Property name="error@@@CatchAll">WC-ErrLogger(2133998645)</Property>
          </Properties>
          <StyleSheet height="250" width="570" xPos="150" yPos="95"/>
          <Connection moduleOutId="2133998645" scopeChildId="2133998635" type="error">
            <ConnectionId>1</ConnectionId>
          </Connection>
          <Connection moduleOutId="2133844901">
            <ConnectionId>7</ConnectionId>
            <StyleSheet labelPosition="50.0"/>
          </Connection>
        </WorkflowModule>
      </Workflow>
      <Workflow version="head" workflowType="technical">
        <WorkflowName>Apac-Stg-RecordDistributor</WorkflowName>
        <WorkflowUId>-6b811d10:147e6f1c775:-7ffe</WorkflowUId>
        <CheckinComment>@@@Server: JpadDfcInubitV6lb1.ap-southeast-1.compute.internal@@@Version: 1@@@Export/Deployment: 20.04.2015 23:04:03@@@</CheckinComment>
        <IsActive>true</IsActive>
        <RunsParallel>true</RunsParallel>
        <ThreadLimit>300</ThreadLimit>
        <IsTransientMode>true</IsTransientMode>
        <IsTransientModeMonitoringSystemLog>true</IsTransientModeMonitoringSystemLog>
        <IsTransientModeDataStorageFileSystem>false</IsTransientModeDataStorageFileSystem>
        <XPathVersion>2.0</XPathVersion>
        <WorkflowModule moduleType="technical">
          <ModuleId>2133843293</ModuleId>
          <ModuleName>RSSplitter2</ModuleName>
          <ParentModule moduleId="2133843480"/>
          <StyleSheet xPos="240" yPos="150"/>
          <Connection moduleOutId="2133843521">
            <ConnectionId>33</ConnectionId>
            <StyleSheet labelPosition="50.0"/>
          </Connection>
        </WorkflowModule>
        <WorkflowModule moduleType="technical">
          <ModuleId>2133843521</ModuleId>
          <ModuleName>WC-ProcBufData1</ModuleName>
          <ParentModule moduleId="2133843480"/>
          <StyleSheet xPos="360" yPos="150"/>
          <Assignments xmlns:formatter="com.inubit.ibis.xsltext.Formatter" xmlns:xsi="http://www.w3.org/2001/XMLSchema-instance">
            <copy ignoreMissingFromData="yes">
              <from expressionLanguage="urn:oasis:names:tc:wsbpel:2.0:sublang:xpath1.0">$varCounter+1</from>
              <to variable="varCounter"/>
            </copy>
            <copy ignoreMissingFromData="yes">
              <from expressionLanguage="urn:oasis:names:tc:wsbpel:2.0:sublang:xpath1.0">formatter:getDateTime('yyyy-MM-dd HH:mm:ss.SSS')</from>
              <to variable="varProcessingInitTS"/>
            </copy>
            <copy ignoreMissingFromData="yes">
              <from contentEncoding="UTF-8" contentType="text/xml" useInputDataStream="true">
                <query>/Row/Column[1]/Value/text()</query>
              </from>
              <to variable="varRecordId"/>
            </copy>
          </Assignments>
          <Properties version="4.1">
            <Property name="OutputVariablesMap" type="Map"/>
            <Property name="InputVariablesMap" type="Map">
              <Property name="varBufBatPickupTime">inBufBatPickupTime</Property>
              <Property name="varRecordId">varRecordId</Property>
              <Property name="varProcessingInitTS">varProcessingInitTS</Property>
              <Property name="varToken">varToken</Property>
            </Property>
            <Property name="useVariableFiltering" type="Boolean">true</Property>
          </Properties>
          <Connection moduleOutId="2133843481">
            <ConnectionId>2133943646</ConnectionId>
            <StyleSheet labelPosition="50.0"/>
          </Connection>
        </WorkflowModule>
        <WorkflowModule moduleType="technical">
          <ModuleId>2133988049</ModuleId>
          <ModuleName>InitSplitter</ModuleName>
          <StyleSheet xPos="30" yPos="150"/>
          <Assignments xmlns:fn="http://www.w3.org/2005/xpath-functions" xmlns:formatter="com.inubit.ibis.xsltext.Formatter" xmlns:xsi="http://www.w3.org/2001/XMLSchema-instance">
            <copy ignoreMissingFromData="yes">
              <from expressionLanguage="urn:oasis:names:tc:wsbpel:2.0:sublang:xpath1.0">$ISCurrentTime</from>
              <to variable="RequestId"/>
            </copy>
            <copy ignoreMissingFromData="yes">
              <from>
                <literal>Ð</literal>
              </from>
              <to variable="varToken"/>
            </copy>
            <copy ignoreMissingFromData="yes">
              <from>
                <literal>1</literal>
              </from>
              <to variable="varCounter"/>
            </copy>
            <copy ignoreMissingFromData="yes">
              <from contentType="text/xml" useInputDataStream="true">
                <query>fn:count(/call/ReturnedResultSets/ResultSet/Row)</query>
              </from>
              <to variable="varRowCount"/>
            </copy>
            <copy ignoreMissingFromData="yes">
              <from contentType="text/xml" useInputDataStream="true"/>
              <to variable="RequestXML"/>
            </copy>
            <copy ignoreMissingFromData="yes" ignoreUninitializedFromVariable="yes">
              <from variable="varBufBatPickupTime"/>
              <to variable="inBufBatPickupTime"/>
            </copy>
            <copy ignoreMissingFromData="no">
              <from>
                <literal>2010-10-10 10:10:10.010</literal>
              </from>
              <to variable="varReplUpdateStartTS"/>
            </copy>
            <copy ignoreMissingFromData="yes">
              <from>
                <literal>2010-10-10 10:10:10.010</literal>
              </from>
              <to variable="varReplUpdateEndTS"/>
            </copy>
            <copy ignoreMissingFromData="no">
              <from>
                <literal>2010-10-10 10:10:10.010</literal>
              </from>
              <to variable="varRecReplicationTS"/>
            </copy>
            <copy ignoreMissingFromData="no">
              <from>
                <literal>2010-10-10 10:10:10.010</literal>
              </from>
              <to variable="varRecRegisterUpdateTS"/>
            </copy>
            <copy ignoreMissingFromData="yes">
              <from>
                <literal>2010-10-10 10:10:10.010</literal>
              </from>
              <to variable="varProcessingStartTS"/>
            </copy>
          </Assignments>
          <Connection moduleOutId="2133843480">
            <ConnectionId>1</ConnectionId>
            <StyleSheet labelPosition="50.0"/>
          </Connection>
        </WorkflowModule>
        <Variables requireVariableFiltering="true" xmlns:is="http://inubit.com/variables/types" xmlns:xs="http://www.w3.org/2001/XMLSchema">
          <Variable isOutputVariable="true" name="inBufBatPickupTime" type="xs:string"/>
          <Variable name="varCounter" type="xs:int"/>
          <Variable isOutputVariable="true" name="varRecRegisterUpdateTS" type="xs:string"/>
          <Variable isOutputVariable="true" name="varProcessingInitTS" type="xs:string"/>
          <Variable isOutputVariable="true" name="varReplUpdateEndTS" type="xs:string"/>
          <Variable name="varRowCount" type="xs:int"/>
          <Variable isOutputVariable="true" name="varRecReplicationTS" type="xs:string"/>
          <Variable name="varToken" type="xs:string"/>
          <Variable name="RequestXML" type="is:anyElement"/>
          <Variable isInputVariable="true" name="varBufBatPickupTime" type="xs:string"/>
          <Variable isOutputVariable="true" name="varReplUpdateStartTS" type="xs:string"/>
          <Variable isOutputVariable="true" name="varRecordId" type="xs:long"/>
          <Variable isOutputVariable="true" name="varProcessingStartTS" type="xs:string"/>
          <Variable name="RequestId" type="xs:string"/>
        </Variables>
        <WorkflowModule moduleType="ForEachLoop">
          <ModuleId>2133843480</ModuleId>
          <ModuleName>ForEach1</ModuleName>
          <EndLoopId>2133843481</EndLoopId>
          <Properties version="4.1">
            <Property name="ForEach.VariableName">RowsLoop</Property>
            <Property name="ForEach.FinalCounterValue">WFSP@@@varRowCount</Property>
            <Property name="ForEach.StartCounterValue">DATA@@@1</Property>
          </Properties>
          <StyleSheet height="150" width="320" xPos="170" yPos="95"/>
          <Variables xmlns:xs="http://www.w3.org/2001/XMLSchema"/>
          <Connection moduleOutId="2133843293">
            <ConnectionId>31</ConnectionId>
            <StyleSheet labelPosition="50.0"/>
          </Connection>
        </WorkflowModule>
        <WorkflowModule moduleType="endLoop">
          <ModuleId>2133843481</ModuleId>
        </WorkflowModule>
      </Workflow>
      <Workflow version="head" workflowType="technical">
        <WorkflowName>Apac-Stg-ReplicationErrorLogger</WorkflowName>
        <WorkflowUId>5761f08a:14be2f9c56a:-7fff</WorkflowUId>
        <CheckinComment>@@@Server: JpadDfcInubitV6lb1.ap-southeast-1.compute.internal@@@Version: 1@@@Export/Deployment: 20.04.2015 23:04:03@@@</CheckinComment>
        <IsActive>true</IsActive>
        <RunsParallel>true</RunsParallel>
        <ThreadLimit>25</ThreadLimit>
        <Priority>low</Priority>
        <IsTransientMode>true</IsTransientMode>
        <IsTransientModeMonitoringSystemLog>true</IsTransientModeMonitoringSystemLog>
        <IsTransientModeDataStorageFileSystem>false</IsTransientModeDataStorageFileSystem>
        <XPathVersion>2.0</XPathVersion>
        <WorkflowModule moduleType="technical">
          <ModuleId>2133998364</ModuleId>
          <ModuleName>Wc-MultiSiteDBLog</ModuleName>
          <ParentModule moduleId="2134012567"/>
          <StyleSheet xPos="250" yPos="160"/>
          <Properties version="4.1">
            <Property name="OutputVariablesMap" type="Map"/>
            <Property name="InputVariablesMap" type="Map">
              <Property name="varCountryCode">varCountryCode</Property>
            </Property>
            <Property name="useVariableFiltering" type="Boolean">true</Property>
          </Properties>
        </WorkflowModule>
        <WorkflowModule moduleType="technical">
          <ModuleId>2133998170</ModuleId>
          <ModuleName>ErrMsgBuilder</ModuleName>
          <ParentModule moduleId="2134012567"/>
          <StyleSheet xPos="90" yPos="160"/>
          <Assignments xmlns:fn="http://www.w3.org/2005/xpath-functions">
            <copy ignoreMissingFromData="yes">
              <from expressionLanguage="urn:oasis:names:tc:wsbpel:2.0:sublang:xpath1.0">if (fn:exists($varCountryCode)) then ($varCountryCode) else ('070')</from>
              <to variable="varCountryCode"/>
            </copy>
          </Assignments>
          <Connection moduleOutId="2133998364">
            <ConnectionId>1</ConnectionId>
            <StyleSheet labelPosition="50.0"/>
          </Connection>
        </WorkflowModule>
        <Variables requireVariableFiltering="true" xmlns:is="http://inubit.com/variables/types" xmlns:xs="http://www.w3.org/2001/XMLSchema">
          <Variable isInputVariable="true" name="varRequestXML" type="is:anyElement"/>
          <Variable isInputVariable="true" isOutputVariable="true" name="varCountryCode" type="xs:string"/>
        </Variables>
        <WorkflowModule moduleType="Comment">
          <ModuleId>2137286771</ModuleId>
          <ModuleName>Logs Error Messages raised during Replication</ModuleName>
          <StyleSheet height="30" width="280" xPos="50" yPos="50"/>
        </WorkflowModule>
        <WorkflowModule moduleType="Label">
          <ModuleId>2134012567</ModuleId>
          <StyleSheet height="200" width="300" xPos="50" yPos="80"/>
        </WorkflowModule>
      </Workflow>
      <Workflow version="head" workflowType="technical">
        <WorkflowName>Apac-Stg-ReplicationTimeLogger</WorkflowName>
        <WorkflowUId>-75be5eb4:1485b8a4d02:-7fff</WorkflowUId>
        <CheckinComment>@@@Server: JpadDfcInubitV6lb1.ap-southeast-1.compute.internal@@@Version: 1@@@Export/Deployment: 20.04.2015 23:04:03@@@</CheckinComment>
        <IsActive>true</IsActive>
        <RunsParallel>true</RunsParallel>
        <ThreadLimit>300</ThreadLimit>
        <Priority>low</Priority>
        <IsTransientMode>true</IsTransientMode>
        <IsTransientModeMonitoringSystemLog>true</IsTransientModeMonitoringSystemLog>
        <IsTransientModeDataStorageFileSystem>false</IsTransientModeDataStorageFileSystem>
        <XPathVersion>2.0</XPathVersion>
        <WorkflowModule moduleType="technical">
          <ModuleId>2133943486</ModuleId>
          <ModuleName>WC-KGDCStgDbConn5</ModuleName>
          <ParentModule moduleId="2137286713"/>
          <StyleSheet xPos="250" yPos="160"/>
          <Properties version="4.1">
            <Property name="OutputVariablesMap" type="Map"/>
            <Property name="InputVariablesMap" type="Map">
              <Property name="varCountryCode">varCountryCode</Property>
            </Property>
            <Property name="useVariableFiltering" type="Boolean">true</Property>
          </Properties>
        </WorkflowModule>
        <WorkflowModule moduleType="technical">
          <ModuleId>2133947842</ModuleId>
          <ModuleName>InsReplTimeLog</ModuleName>
          <ParentModule moduleId="2137286713"/>
          <StyleSheet xPos="90" yPos="160"/>
          <Assignments xmlns:fn="http://www.w3.org/2005/xpath-functions">
            <copy ignoreMissingFromData="yes">
              <from expressionLanguage="urn:oasis:names:tc:wsbpel:2.0:sublang:xpath1.0">$ISCurrentTime</from>
              <to variable="RequestId"/>
            </copy>
            <copy ignoreMissingFromData="yes">
              <from expressionLanguage="urn:oasis:names:tc:wsbpel:2.0:sublang:xpath1.0">if (fn:exists($varCountryCode)) then ($varCountryCode) else ('070')</from>
              <to variable="varCountryCode"/>
            </copy>
          </Assignments>
          <Connection moduleOutId="2133943486">
            <ConnectionId>3</ConnectionId>
            <StyleSheet labelPosition="50.0"/>
          </Connection>
        </WorkflowModule>
        <Variables requireVariableFiltering="true" xmlns:is="http://inubit.com/variables/types" xmlns:xs="http://www.w3.org/2001/XMLSchema">
          <Variable isInputVariable="true" name="varRecRegisterUpdateTS" type="xs:string"/>
          <Variable isInputVariable="true" name="varProcessingInitTS" type="xs:string"/>
          <Variable isInputVariable="true" name="varReplUpdateEndTS" type="xs:string"/>
          <Variable isInputVariable="true" name="varRecReplicationTS" type="xs:string"/>
          <Variable isInputVariable="true" isOutputVariable="true" name="varCountryCode" type="xs:string"/>
          <Variable isInputVariable="true" name="varRequestXML" type="is:anyElement"/>
          <Variable isInputVariable="true" name="varReplUpdateStartTS" type="xs:string"/>
          <Variable isInputVariable="true" name="varRecordId" type="xs:long"/>
          <Variable isInputVariable="true" name="varProcessingStartTS" type="xs:string"/>
          <Variable name="RequestId" type="xs:string"/>
        </Variables>
        <WorkflowModule moduleType="Comment">
          <ModuleId>2137286756</ModuleId>
          <ModuleName>Logs Timestamps at various stages of Replication</ModuleName>
          <StyleSheet height="30" width="290" xPos="50" yPos="50"/>
        </WorkflowModule>
        <WorkflowModule moduleType="Label">
          <ModuleId>2137286713</ModuleId>
          <StyleSheet height="200" width="300" xPos="50" yPos="80"/>
        </WorkflowModule>
      </Workflow>
      <Workflow version="head" workflowType="technical">
        <WorkflowName>Apac-Stg-StartUpdBuffData-MultiSite</WorkflowName>
        <WorkflowUId>-c496814:14c6d85d558:-7ff3</WorkflowUId>
        <CheckinComment>@@@Server: JpadDfcInubitV6lb1.ap-southeast-1.compute.internal@@@Version: 2@@@Export/Deployment: 20.04.2015 23:04:03@@@</CheckinComment>
        <IsActive>true</IsActive>
        <RunsParallel>true</RunsParallel>
        <ThreadLimit>11</ThreadLimit>
        <IsTransientMode>true</IsTransientMode>
        <IsTransientModeMonitoringSystemLog>true</IsTransientModeMonitoringSystemLog>
        <IsTransientModeDataStorageFileSystem>false</IsTransientModeDataStorageFileSystem>
        <XPathVersion>2.0</XPathVersion>
        <WorkflowModule moduleType="technical">
          <ModuleId>2134011160</ModuleId>
          <ModuleName>Assign-1</ModuleName>
          <StyleSheet xPos="160" yPos="180"/>
          <Assignments xmlns:fn="http://www.w3.org/2005/xpath-functions">
            <copy ignoreMissingFromData="yes">
              <from>
                <literal>0</literal>
              </from>
              <to variable="varCounter"/>
            </copy>
            <copy ignoreMissingFromData="yes">
              <from>
                <literal containsEscapedXml="true">&lt;?xml version="1.0" encoding="UTF-8"?&gt;
&lt;SiteList&gt;
&lt;Site&gt;
&lt;shortName&gt;JPN&lt;/shortName&gt;
&lt;countryCode&gt;070&lt;/countryCode&gt;
&lt;library&gt;RPQADFCJPN&lt;/library&gt;

&lt;/Site&gt;
&lt;Site&gt;
&lt;shortName&gt;THA&lt;/shortName&gt;
&lt;countryCode&gt;200&lt;/countryCode&gt;
&lt;library&gt;RPQADFCTHA&lt;/library&gt;

&lt;/Site&gt;
&lt;Site&gt;
&lt;shortName&gt;VNM&lt;/shortName&gt;
&lt;countryCode&gt;500&lt;/countryCode&gt;
&lt;library&gt;RPQADFCMAL&lt;/library&gt;

&lt;/Site&gt;
&lt;Site&gt;
&lt;shortName&gt;MYS&lt;/shortName&gt;
&lt;countryCode&gt;100&lt;/countryCode&gt;
&lt;library&gt;RPQADFCMAL&lt;/library&gt;

&lt;/Site&gt;
&lt;Site&gt;
&lt;shortName&gt;BRN&lt;/shortName&gt;
&lt;countryCode&gt;780&lt;/countryCode&gt;
&lt;library&gt;RPQADFCMAL&lt;/library&gt;

&lt;/Site&gt;
&lt;Site&gt;
&lt;shortName&gt;SGP&lt;/shortName&gt;
&lt;countryCode&gt;530&lt;/countryCode&gt;
&lt;library&gt;RPQADFCMAL&lt;/library&gt;

&lt;/Site&gt;
&lt;Site&gt;
&lt;shortName&gt;PHL&lt;/shortName&gt;
&lt;countryCode&gt;350&lt;/countryCode&gt;
&lt;library&gt;RPQADFCMAL&lt;/library&gt;

&lt;/Site&gt;
&lt;Site&gt;
&lt;shortName&gt;IDN&lt;/shortName&gt;
&lt;countryCode&gt;220&lt;/countryCode&gt;
&lt;library&gt;RPQADFCMAL&lt;/library&gt;

&lt;/Site&gt;
&lt;Site&gt;
&lt;shortName&gt;KOR&lt;/shortName&gt;
&lt;countryCode&gt;180&lt;/countryCode&gt;
&lt;library&gt;RPQADFCKOR&lt;/library&gt;

&lt;/Site&gt;
&lt;Site&gt;
&lt;shortName&gt;MSB&lt;/shortName&gt;
&lt;countryCode&gt;999&lt;/countryCode&gt;
&lt;library&gt;RPQADFCMAL&lt;/library&gt;

&lt;/Site&gt;
&lt;/SiteList&gt;</literal>
              </from>
              <to variable="varSiteList"/>
            </copy>
            <copy ignoreMissingFromData="no">
              <from>
                <literal>THA</literal>
              </from>
              <to variable="ActiveSites"/>
            </copy>
            <copy ignoreMissingFromData="yes">
              <from transformationParams="ActiveSites varSiteList" transformationSource="" transformerFactory="net.sf.saxon.TransformerFactoryImpl" useEmbeddedXsl="true">
                <xsl name="6eade24a-0aac-48dc-0072-d9b849633fc6">&lt;?xml version="1.0" encoding="UTF-8"?&gt;
&lt;xsl:stylesheet xmlns:xsl="http://www.w3.org/1999/XSL/Transform" xmlns:xs="http://www.w3.org/2001/XMLSchema" xmlns:xsi="http://www.w3.org/2001/XMLSchema-instance" xmlns:fn="http://www.w3.org/2005/xpath-functions" exclude-result-prefixes="xs" version="2.0"&gt;
  &lt;xsl:output method="xml" encoding="UTF-8"/&gt;&lt;xsl:param name="ActiveSites"&gt;JPN,THA&lt;/xsl:param&gt;&lt;xsl:param name="varSiteList" as="element()"&gt;&lt;SiteList&gt;
&lt;Site&gt;
&lt;shortName&gt;JPN&lt;/shortName&gt;
&lt;countryCode&gt;070&lt;/countryCode&gt;
&lt;library&gt;RPQADFCJPN&lt;/library&gt;
&lt;isActive&gt;Y&lt;/isActive&gt;
&lt;/Site&gt;
&lt;Site&gt;
&lt;shortName&gt;THA&lt;/shortName&gt;
&lt;countryCode&gt;200&lt;/countryCode&gt;
&lt;library&gt;RPQADFCTHA&lt;/library&gt;
&lt;isActive&gt;N&lt;/isActive&gt;
&lt;/Site&gt;
&lt;Site&gt;
&lt;shortName&gt;VNM&lt;/shortName&gt;
&lt;countryCode&gt;500&lt;/countryCode&gt;
&lt;library&gt;RPQADFCMAL&lt;/library&gt;
&lt;isActive&gt;N&lt;/isActive&gt;
&lt;/Site&gt;
&lt;Site&gt;
&lt;shortName&gt;MYS&lt;/shortName&gt;
&lt;countryCode&gt;100&lt;/countryCode&gt;
&lt;library&gt;RPQADFCMAL&lt;/library&gt;
&lt;isActive&gt;N&lt;/isActive&gt;
&lt;/Site&gt;
&lt;Site&gt;
&lt;shortName&gt;BRN&lt;/shortName&gt;
&lt;countryCode&gt;780&lt;/countryCode&gt;
&lt;library&gt;RPQADFCMAL&lt;/library&gt;
&lt;isActive&gt;N&lt;/isActive&gt;
&lt;/Site&gt;
&lt;Site&gt;
&lt;shortName&gt;SGP&lt;/shortName&gt;
&lt;countryCode&gt;530&lt;/countryCode&gt;
&lt;library&gt;RPQADFCMAL&lt;/library&gt;
&lt;isActive&gt;N&lt;/isActive&gt;
&lt;/Site&gt;
&lt;Site&gt;
&lt;shortName&gt;PHL&lt;/shortName&gt;
&lt;countryCode&gt;350&lt;/countryCode&gt;
&lt;library&gt;RPQADFCMAL&lt;/library&gt;
&lt;isActive&gt;N&lt;/isActive&gt;
&lt;/Site&gt;
&lt;Site&gt;
&lt;shortName&gt;IDN&lt;/shortName&gt;
&lt;countryCode&gt;220&lt;/countryCode&gt;
&lt;library&gt;RPQADFCMAL&lt;/library&gt;
&lt;isActive&gt;N&lt;/isActive&gt;
&lt;/Site&gt;
&lt;Site&gt;
&lt;shortName&gt;KOR&lt;/shortName&gt;
&lt;countryCode&gt;180&lt;/countryCode&gt;
&lt;library&gt;RPQADFCKOR&lt;/library&gt;
&lt;isActive&gt;Y&lt;/isActive&gt;
&lt;/Site&gt;
&lt;Site&gt;
&lt;shortName&gt;MSB&lt;/shortName&gt;
&lt;countryCode&gt;999&lt;/countryCode&gt;
&lt;library&gt;RPQADFCMAL&lt;/library&gt;
&lt;isActive&gt;N&lt;/isActive&gt;
&lt;/Site&gt;
&lt;/SiteList&gt;&lt;/xsl:param&gt;
  &lt;xsl:template match="/"&gt;&lt;SiteList&gt;&lt;xsl:for-each select="$varSiteList/Site[fn:contains($ActiveSites, shortName)]"&gt;&lt;Site&gt;&lt;xsl:copy-of select="*"/&gt;&lt;/Site&gt;&lt;/xsl:for-each&gt;&lt;/SiteList&gt;
  &lt;/xsl:template&gt;
&lt;/xsl:stylesheet&gt;</xsl>
              </from>
              <to variable="varSiteList"/>
            </copy>
            <copy ignoreMissingFromData="yes">
              <from expressionLanguage="urn:oasis:names:tc:wsbpel:2.0:sublang:xpath1.0">fn:count($varSiteList/Site)</from>
              <to variable="varCount"/>
            </copy>
            <copy ignoreMissingFromData="yes">
              <from>
                <literal>&lt;UdateBuffDataReq&gt;&lt;/UdateBuffDataReq&gt;</literal>
              </from>
              <to variable="varRequestXML"/>
            </copy>
          </Assignments>
          <Connection moduleOutId="2134012145">
            <ConnectionId>2</ConnectionId>
            <StyleSheet labelPosition="50.0"/>
          </Connection>
        </WorkflowModule>
        <WorkflowModule moduleType="technical">
          <ModuleId>2134011960</ModuleId>
          <ModuleName>AssignSite</ModuleName>
          <ParentModule moduleId="2134012145"/>
          <StyleSheet xPos="370" yPos="180"/>
          <Assignments>
            <copy ignoreMissingFromData="yes">
              <from expressionLanguage="urn:oasis:names:tc:wsbpel:2.0:sublang:xpath1.0">$varCounter + 1</from>
              <to variable="varCounter"/>
            </copy>
            <copy ignoreMissingFromData="yes">
              <from expressionLanguage="urn:oasis:names:tc:wsbpel:2.0:sublang:xpath1.0">$varSiteList/Site[$varCounter]/countryCode/text()</from>
              <to variable="varCountryCode"/>
            </copy>
            <copy ignoreMissingFromData="yes">
              <from expressionLanguage="urn:oasis:names:tc:wsbpel:2.0:sublang:xpath1.0">$varSiteList/Site[$varCounter]/library/text()</from>
              <to variable="varDB2Library"/>
            </copy>
          </Assignments>
          <Connection moduleOutId="2134011227">
            <ConnectionId>72</ConnectionId>
            <StyleSheet labelPosition="50.0"/>
          </Connection>
        </WorkflowModule>
        <WorkflowModule moduleType="technical">
          <ModuleId>2134011227</ModuleId>
          <ModuleName>WC-UpdBuffData</ModuleName>
          <ParentModule moduleId="2134012145"/>
          <StyleSheet xPos="480" yPos="180"/>
          <Properties version="4.1">
            <Property name="OutputVariablesMap" type="Map"/>
            <Property name="InputVariablesMap" type="Map">
              <Property name="varCountryCode">varCountryCode</Property>
              <Property name="varRequestXML">varRequestXML</Property>
              <Property name="varSchema">varDB2Library</Property>
            </Property>
            <Property name="useVariableFiltering" type="Boolean">true</Property>
          </Properties>
          <Connection moduleOutId="2134012146">
            <ConnectionId>73</ConnectionId>
            <StyleSheet labelPosition="50.0"/>
          </Connection>
        </WorkflowModule>
        <WorkflowModule moduleType="technical">
          <ModuleId>2134011158</ModuleId>
          <ModuleName>TriggerUpdate</ModuleName>
          <StyleSheet xPos="50" yPos="180"/>
          <Connection moduleOutId="2134011160">
            <ConnectionId>1</ConnectionId>
            <StyleSheet labelPosition="50.0"/>
          </Connection>
        </WorkflowModule>
        <Variables requireVariableFiltering="true" xmlns:is="http://inubit.com/variables/types" xmlns:xs="http://www.w3.org/2001/XMLSchema">
          <Variable name="varCounter" type="xs:int"/>
          <Variable isOutputVariable="true" name="varRecRegisterUpdateTS" type="xs:string"/>
          <Variable name="test" type="is:anyElement"/>
          <Variable isOutputVariable="true" name="varProcessingInitTS" type="xs:string"/>
          <Variable isOutputVariable="true" name="varReplUpdateEndTS" type="xs:string"/>
          <Variable isOutputVariable="true" name="varRecReplicationTS" type="xs:string"/>
          <Variable name="varCount" type="xs:int"/>
          <Variable name="varSiteList" type="is:anyElement"/>
          <Variable isOutputVariable="true" name="varRequestXML" type="is:anyElement"/>
          <Variable isOutputVariable="true" name="varDB2Library" type="xs:string"/>
          <Variable isOutputVariable="true" name="varCountryCode" type="xs:string"/>
          <Variable name="ActiveSites" type="xs:string"/>
          <Variable isOutputVariable="true" name="varReplUpdateStartTS" type="xs:string"/>
          <Variable isOutputVariable="true" name="varRecordId" type="xs:long"/>
          <Variable isOutputVariable="true" name="varProcessingStartTS" type="xs:string"/>
          <Variable name="RequestId" type="xs:string"/>
        </Variables>
        <WorkflowModule moduleType="endLoop">
          <ModuleId>2134012146</ModuleId>
        </WorkflowModule>
        <WorkflowModule moduleType="WhileLoop">
          <ModuleId>2134012145</ModuleId>
          <ModuleName>While</ModuleName>
          <EndLoopId>2134012146</EndLoopId>
          <Properties version="4.1">
            <Property name="AssignSite(2134011960)@@@DeMuxInput">varCounter@@@WFSP&lt;WFSP@@@varCount</Property>
            <Property name="AssignSite(2134011960)@@@Description">Site</Property>
          </Properties>
          <StyleSheet xPos="300" yPos="125"/>
          <Connection moduleOutId="2134011960">
            <ConnectionId>71</ConnectionId>
            <StyleSheet labelPosition="50.0"/>
          </Connection>
        </WorkflowModule>
      </Workflow>
      <Workflow version="head" workflowType="technical">
        <WorkflowName>Apac-Stg-UpdateBufferData-MultiSite</WorkflowName>
        <WorkflowUId>-5624a537:14bc9337e7d:-7fff</WorkflowUId>
        <CheckinComment>@@@Server: JpadDfcInubitV6lb1.ap-southeast-1.compute.internal@@@Version: 1@@@Export/Deployment: 20.04.2015 23:04:03@@@</CheckinComment>
        <IsActive>true</IsActive>
        <RunsParallel>true</RunsParallel>
        <ThreadLimit>25</ThreadLimit>
        <IsTransientMode>true</IsTransientMode>
        <IsTransientModeMonitoringSystemLog>true</IsTransientModeMonitoringSystemLog>
        <IsTransientModeDataStorageFileSystem>false</IsTransientModeDataStorageFileSystem>
        <XPathVersion>2.0</XPathVersion>
        <WorkflowModule moduleType="technical">
          <ModuleId>2133994636</ModuleId>
          <ModuleName>ManageReconciliation1</ModuleName>
          <ParentModule moduleId="2134011372"/>
          <StyleSheet xPos="320" yPos="170"/>
          <Assignments xmlns:formatter="com.inubit.ibis.xsltext.Formatter">
            <copy ignoreMissingFromData="yes">
              <from expressionLanguage="urn:oasis:names:tc:wsbpel:2.0:sublang:xpath1.0">$ISCurrentTime</from>
              <to variable="RequestId"/>
            </copy>
          </Assignments>
          <Connection moduleOutId="2133994775">
            <ConnectionId>3</ConnectionId>
            <StyleSheet labelPosition="50.0"/>
          </Connection>
        </WorkflowModule>
        <WorkflowModule moduleType="technical">
          <ModuleId>2134011381</ModuleId>
          <ModuleName>WC-ErrLogger5</ModuleName>
          <StyleSheet xPos="100" yPos="370"/>
          <Properties version="4.1">
            <Property name="OutputVariablesMap" type="Map"/>
            <Property name="InputVariablesMap" type="Map">
              <Property name="varRequestXML">varRequestXML</Property>
              <Property name="varCountryCode">varCountryCode</Property>
            </Property>
            <Property name="useVariableFiltering" type="Boolean">true</Property>
          </Properties>
        </WorkflowModule>
        <WorkflowModule moduleType="technical">
          <ModuleId>2133996800</ModuleId>
          <ModuleName>WC-TimeLogger1</ModuleName>
          <ParentModule moduleId="2134011372"/>
          <StyleSheet xPos="1110" yPos="170"/>
          <Assignments xmlns:formatter="com.inubit.ibis.xsltext.Formatter">
            <copy ignoreMissingFromData="yes">
              <from expressionLanguage="urn:oasis:names:tc:wsbpel:2.0:sublang:xpath1.0">formatter:getDateTime('yyyy-MM-dd H:mm:ss.SSS')</from>
              <to variable="varReplUpdateEndTS"/>
            </copy>
          </Assignments>
          <Properties version="4.1">
            <Property name="OutputVariablesMap" type="Map"/>
            <Property name="InputVariablesMap" type="Map">
              <Property name="varReplUpdateStartTS">varReplUpdateStartTS</Property>
              <Property name="varRecRegisterUpdateTS">varRecRegisterUpdateTS</Property>
              <Property name="varRecordId">varRecordId</Property>
              <Property name="varProcessingInitTS">varProcessingInitTS</Property>
              <Property name="varProcessingStartTS">varProcessingStartTS</Property>
              <Property name="varReplUpdateEndTS">varReplUpdateEndTS</Property>
              <Property name="varRequestXML">varRequestXML</Property>
              <Property name="varCountryCode">varCountryCode</Property>
              <Property name="varRecReplicationTS">varRecReplicationTS</Property>
            </Property>
            <Property name="useVariableFiltering" type="Boolean">true</Property>
          </Properties>
          <Connection moduleOutId="2133994444">
            <ConnectionId>19</ConnectionId>
            <StyleSheet labelPosition="50.0">
              <Junctures>
                <Point xPos="1170" yPos="190"/>
                <Point xPos="1200" yPos="190"/>
                <Point xPos="1200" yPos="100"/>
                <Point xPos="170" yPos="100"/>
                <Point xPos="170" yPos="190"/>
                <Point xPos="200" yPos="190"/>
              </Junctures>
            </StyleSheet>
          </Connection>
        </WorkflowModule>
        <WorkflowModule moduleType="technical">
          <ModuleId>2133994775</ModuleId>
          <ModuleName>WC-SQLConn1</ModuleName>
          <ParentModule moduleId="2134011372"/>
          <StyleSheet xPos="460" yPos="170"/>
          <Properties version="4.1">
            <Property name="OutputVariablesMap" type="Map"/>
            <Property name="InputVariablesMap" type="Map">
              <Property name="varCountryCode">varCountryCode</Property>
            </Property>
            <Property name="useVariableFiltering" type="Boolean">true</Property>
          </Properties>
          <Connection moduleOutId="2133995097">
            <ConnectionId>4</ConnectionId>
            <StyleSheet labelPosition="50.0"/>
          </Connection>
        </WorkflowModule>
        <WorkflowModule moduleType="technical">
          <ModuleId>2133995097</ModuleId>
          <ModuleName>ChkUpdBatch1</ModuleName>
          <ParentModule moduleId="2134011372"/>
          <StyleSheet xPos="590" yPos="170"/>
          <Properties version="4.1">
            <Property name="ExitUpd1(2133995973)@@@Description">NG</Property>
            <Property name="DefaultOutput">ExitUpd1(2133995973)</Property>
            <Property name="FormatRS1(2133995451)@@@Description">OK</Property>
            <Property name="ExitUpd1(2133995973)@@@ProcessingOrder">2</Property>
            <Property name="FormatRS1(2133995451)@@@DeMuxInput">fn:exists(/call/ReturnedResultSets/ResultSet)@@@=@@@true</Property>
          </Properties>
          <Connection moduleOutId="2133995973">
            <ConnectionId>16</ConnectionId>
            <StyleSheet labelPosition="79.375">
              <Junctures>
                <Point xPos="650" yPos="190"/>
                <Point xPos="680" yPos="190"/>
                <Point xPos="680" yPos="190"/>
                <Point xPos="680" yPos="270"/>
                <Point xPos="680" yPos="270"/>
                <Point xPos="730" yPos="270"/>
              </Junctures>
            </StyleSheet>
          </Connection>
          <Connection moduleOutId="2133995451">
            <ConnectionId>12</ConnectionId>
            <StyleSheet labelPosition="61.25"/>
          </Connection>
        </WorkflowModule>
        <WorkflowModule moduleType="technical">
          <ModuleId>2133995973</ModuleId>
          <ModuleName>ExitUpd1</ModuleName>
          <ParentModule moduleId="2134011372"/>
          <StyleSheet xPos="730" yPos="250"/>
        </WorkflowModule>
        <WorkflowModule moduleType="technical">
          <ModuleId>2133995399</ModuleId>
          <ModuleName>UpdBufStatus1</ModuleName>
          <ParentModule moduleId="2134011372"/>
          <StyleSheet xPos="860" yPos="170"/>
          <Connection moduleOutId="2133996719">
            <ConnectionId>17</ConnectionId>
            <StyleSheet labelPosition="50.0"/>
          </Connection>
        </WorkflowModule>
        <WorkflowModule moduleType="technical">
          <ModuleId>2133995451</ModuleId>
          <ModuleName>FormatRS1</ModuleName>
          <ParentModule moduleId="2134011372"/>
          <StyleSheet xPos="730" yPos="170"/>
          <Assignments xmlns:formatter="com.inubit.ibis.xsltext.Formatter">
            <copy ignoreMissingFromData="yes">
              <from expressionLanguage="urn:oasis:names:tc:wsbpel:2.0:sublang:xpath1.0">formatter:getDateTime('yyyy-MM-dd H:mm:ss.SSS')</from>
              <to variable="varReplUpdateStartTS"/>
            </copy>
            <copy ignoreMissingFromData="yes">
              <from variable="varReplUpdateStartTS"/>
              <to variable="varProcessingInitTS"/>
            </copy>
            <copy ignoreMissingFromData="yes">
              <from variable="varReplUpdateStartTS"/>
              <to variable="varProcessingStartTS"/>
            </copy>
            <copy ignoreMissingFromData="yes">
              <from variable="varReplUpdateStartTS"/>
              <to variable="varRecRegisterUpdateTS"/>
            </copy>
            <copy ignoreMissingFromData="yes">
              <from variable="varReplUpdateStartTS"/>
              <to variable="varRecReplicationTS"/>
            </copy>
            <copy ignoreMissingFromData="yes">
              <from expressionLanguage="urn:oasis:names:tc:wsbpel:2.0:sublang:xpath1.0">formatter:getDateTime('HmmssSSS')</from>
              <to variable="varRecordId"/>
            </copy>
          </Assignments>
          <Connection moduleOutId="2133995399">
            <ConnectionId>13</ConnectionId>
            <StyleSheet labelPosition="50.0"/>
          </Connection>
        </WorkflowModule>
        <WorkflowModule moduleType="technical">
          <ModuleId>2134011367</ModuleId>
          <ModuleName>Start</ModuleName>
          <ParentModule moduleId="2134011372"/>
          <StyleSheet xPos="90" yPos="170"/>
          <Connection moduleOutId="2133994444">
            <ConnectionId>2134011369</ConnectionId>
            <StyleSheet labelPosition="50.0"/>
          </Connection>
        </WorkflowModule>
        <WorkflowModule moduleType="technical">
          <ModuleId>2133994444</ModuleId>
          <ModuleName>LoopJoiner1</ModuleName>
          <ParentModule moduleId="2134011372"/>
          <StyleSheet xPos="200" yPos="170"/>
          <Connection moduleOutId="2133994636">
            <ConnectionId>2</ConnectionId>
            <StyleSheet labelPosition="50.0"/>
          </Connection>
        </WorkflowModule>
        <WorkflowModule moduleType="technical">
          <ModuleId>2133996719</ModuleId>
          <ModuleName>WC-DB2Conn1</ModuleName>
          <ParentModule moduleId="2134011372"/>
          <StyleSheet xPos="980" yPos="170"/>
          <Properties version="4.1">
            <Property name="OutputVariablesMap" type="Map"/>
            <Property name="InputVariablesMap" type="Map">
              <Property name="varCountryCode">varCountryCode</Property>
            </Property>
            <Property name="useVariableFiltering" type="Boolean">true</Property>
          </Properties>
          <Connection moduleOutId="2133996800">
            <ConnectionId>18</ConnectionId>
            <StyleSheet labelPosition="50.0"/>
          </Connection>
        </WorkflowModule>
        <Variables requireVariableFiltering="true" xmlns:is="http://inubit.com/variables/types" xmlns:xs="http://www.w3.org/2001/XMLSchema">
          <Variable isOutputVariable="true" name="varRecRegisterUpdateTS" type="xs:string"/>
          <Variable isOutputVariable="true" name="varProcessingInitTS" type="xs:string"/>
          <Variable isOutputVariable="true" name="varReplUpdateEndTS" type="xs:string"/>
          <Variable isOutputVariable="true" name="varRecReplicationTS" type="xs:string"/>
          <Variable isInputVariable="true" isOutputVariable="true" name="varCountryCode" type="xs:string"/>
          <Variable isInputVariable="true" name="varRequestXML" type="is:anyElement"/>
          <Variable isInputVariable="true" name="varSchema" type="xs:string"/>
          <Variable isOutputVariable="true" name="varReplUpdateStartTS" type="xs:string"/>
          <Variable isOutputVariable="true" name="varRecordId" type="xs:long"/>
          <Variable isOutputVariable="true" name="varProcessingStartTS" type="xs:string"/>
          <Variable name="RequestId" type="xs:string"/>
        </Variables>
        <WorkflowModule moduleType="endLoop">
          <ModuleId>2134011373</ModuleId>
        </WorkflowModule>
        <WorkflowModule moduleType="Scope">
          <ModuleId>2134011372</ModuleId>
          <ModuleName>Scope1</ModuleName>
          <EndLoopId>2134011373</EndLoopId>
          <Properties version="4.1">
            <Property name="error@@@CatchAll">WC-ErrLogger5(2134011381)</Property>
          </Properties>
          <StyleSheet height="290" width="1220" xPos="50" yPos="45"/>
          <Connection moduleOutId="2134011381" scopeChildId="2134011374" type="error">
            <ConnectionId>1</ConnectionId>
          </Connection>
        </WorkflowModule>
      </Workflow>
    </WorkflowGroup>
  </Workflows>
</IBISWorkflow>
