<?xml version='1.0' encoding='UTF-8'?>

<Properties version="4.1">
	<Property name="ErrorSuppression" type="Boolean">true</Property>
	<Property name="xslt.base64Zipped">true</Property>
	<Property name="xslt.ignoreInput">false</Property>
	<Property name="xslt.params" type="List" />
	<Property name="xslt.saveAtServer">false</Property>
	<Property name="xslt.source">file:/C:/Users/aj83750.NA/AppData/Roaming/inubit/Toolset/7.1/work/10.173.177.61_6001/aj83750/tmp/039a91200aadaa14000f16cbae46ab74</Property>
	<Property name="xslt.sourceVariablesURL">file:/C:/Users/aj83750.NA/AppData/Roaming/inubit/Toolset/7.1/work/10.173.177.61_6001/aj83750/tmp/039a90f10aadaa14000f16cb2539f2e9</Property>
	<Property name="xslt.stylesheet" type="XmlDocument">&lt;?xml version="1.0" encoding="UTF-8"?>
&lt;xsl:stylesheet xmlns:xsl="http://www.w3.org/1999/XSL/Transform" xmlns:xs="http://www.w3.org/2001/XMLSchema" xmlns:xsi="http://www.w3.org/2001/XMLSchema-instance" exclude-result-prefixes="xs" version="2.0">
  &lt;xsl:output method="xml" encoding="UTF-8"/>
  &lt;xsl:template match="/">&lt;call>&lt;value>N&lt;/value>&lt;value null="true"/>&lt;value null="true"/>&lt;value null="true"/>&lt;ReturnedResultSets>&lt;ResultSet>&lt;xsl:for-each select="/ResultSet/Row">&lt;Row>&lt;Column>&lt;Name>BUFSEQ&lt;/Name>&lt;Value>&lt;xsl:value-of select="BUFFERSEQUENCE/text()"/>&lt;/Value>&lt;/Column>&lt;Column>&lt;Name>SRCFILE&lt;/Name>&lt;Value>&lt;xsl:value-of select="SOURCEFILENAME/text()"/>&lt;/Value>&lt;/Column>&lt;Column>&lt;Name>SRCDATA&lt;/Name>&lt;Value>&lt;xsl:value-of select="SOURCE_DATA/text()"/>&lt;/Value>&lt;/Column>&lt;Column>&lt;Name>TRNCODE&lt;/Name>&lt;Value>&lt;xsl:value-of select="SOURCETRANSACTIONCODE/text()"/>&lt;/Value>&lt;/Column>&lt;Column>&lt;Name>STATCODE&lt;/Name>&lt;Value>&lt;xsl:value-of select="PROCESSSTATUSCODE/text()"/>&lt;/Value>&lt;/Column>&lt;Column>&lt;Name>SRCTIME&lt;/Name>&lt;Value>&lt;xsl:value-of select="AS400SOURCETABLETIMESTAMP/text()"/>&lt;/Value>&lt;/Column>&lt;Column>&lt;Name>PRIORITY&lt;/Name>&lt;Value>&lt;xsl:value-of select="PRIORITY/text()"/>&lt;/Value>&lt;/Column>&lt;Column>&lt;Name>BFTBNM&lt;/Name>&lt;Value>&lt;xsl:value-of select="BUFTABLENAME/text()"/>&lt;/Value>&lt;/Column>&lt;Column>&lt;Name>FLDSEP&lt;/Name>&lt;Value>&lt;xsl:value-of select="SEPACHAR/text()"/>&lt;/Value>&lt;/Column>&lt;Column>&lt;Name>CNTRCD&lt;/Name>&lt;Value>&lt;xsl:value-of select="COUNTRY/text()"/>&lt;/Value>&lt;/Column>&lt;/Row>&lt;/xsl:for-each>&lt;/ResultSet>&lt;/ReturnedResultSets>&lt;/call>
  &lt;/xsl:template>
&lt;/xsl:stylesheet></Property>
	<Property name="xslt.target"></Property>
	<Property name="xslt.transformer">net.sf.saxon.TransformerFactoryImpl</Property>
</Properties>