<?xml version='1.0' encoding='UTF-8'?>

<Properties version="4.1">
	<Property name="xslt.ignoreInput">true</Property>
	<Property name="xslt.sourceVariablesURL">file:/C:/Users/aj83750.NA/AppData/Roaming/inubit/Toolset/7.1/work/10.173.177.61_6001/aj83750/tmp/e90e38430aadaa1401041e83b023554b</Property>
	<Property name="ErrorSuppression" type="Boolean">true</Property>
	<Property name="xslt.params" type="List">
		<Property name="varRequestXML">varRequestXML</Property>
		<Property name="ISWorkflowName">ISWorkflowName</Property>
		<Property name="ISErrorString">ISErrorString</Property>
		<Property name="ISErrorModuleName">ISErrorModuleName</Property>
		<Property name="ISErrorKey">ISErrorKey</Property>
	</Property>
	<Property name="xslt.transformer">net.sf.saxon.TransformerFactoryImpl</Property>
	<Property name="xslt.base64Zipped">true</Property>
	<Property name="xslt.stylesheet" type="XmlDocument">&lt;?xml version="1.0" encoding="UTF-8"?>
&lt;xsl:stylesheet xmlns:xsl="http://www.w3.org/1999/XSL/Transform" xmlns:xs="http://www.w3.org/2001/XMLSchema" xmlns:xsi="http://www.w3.org/2001/XMLSchema-instance" xmlns:formatter="com.inubit.ibis.xsltext.Formatter" xmlns:fn="http://www.w3.org/2005/xpath-functions" xmlns:isxp="com.inubit.ibis.xsltext.ISFunctions" exclude-result-prefixes="#all" version="2.0">
  &lt;xsl:output method="xml" encoding="UTF-8"/>&lt;xsl:param name="varRequestXML" as="element()">&lt;queries>&lt;query type="call">&lt;method name="STAGING.SPInsertSTG_DDSTADR">&lt;parameter direction="IN" type="VARCHAR">8Ð1ÐAÐÐ888777-75137                        32222822222222Ðｳﾀﾞｶﾞﾜﾁﾖｳ aaaaaaÐÐÐ13113ÐｼﾌﾞﾔｸÐ0013Ð1500042Ð0Ð0ÐU11Ð08Ð070Ð070Ð&lt;/parameter>&lt;parameter direction="IN" type="VARCHAR">U&lt;/parameter>&lt;parameter direction="IN" type="VARCHAR">2015-03-02 12:39:53.982&lt;/parameter>&lt;parameter direction="IN" type="VARCHAR">2015-03-02 09:01:42.933&lt;/parameter>&lt;parameter direction="IN" type="NUMERIC">1&lt;/parameter>&lt;parameter direction="IN" type="NUMERIC">66559&lt;/parameter>&lt;parameter direction="IN" type="VARCHAR">XDFCBUFM1&lt;/parameter>&lt;parameter direction="OUT" type="VARCHAR"/>&lt;parameter direction="OUT" type="VARCHAR"/>&lt;parameter direction="OUT" type="VARCHAR"/>&lt;/method>&lt;/query>&lt;/queries>&lt;/xsl:param>&lt;xsl:param name="ISWorkflowName">Kor-Stg-NProcessBufferData&lt;/xsl:param>&lt;xsl:param name="ISErrorString">Can not set value for the input variable "varCountryCode" of the linked workflow: Source variable "varCountryCode" is empty.&lt;/xsl:param>&lt;xsl:param name="ISErrorModuleName">WC-MultiSiteDbConn&lt;/xsl:param>&lt;xsl:param name="ISErrorKey">WFConnector.MissingValueForInputVariable&lt;/xsl:param>
  &lt;xsl:template match="/">&lt;queries>
&lt;query type="call">  
 &lt;method name="STAGING.SPInsertReplicationErrorLog">&lt;parameter direction="IN" type="VARCHAR">&lt;xsl:value-of select="formatter:getDateTime('yyyy-MM-dd HH:mm:ss.SSS')"/>&lt;/parameter>&lt;parameter direction="IN" type="VARCHAR">&lt;xsl:value-of select="fn:concat($ISWorkflowName,'.', $ISErrorModuleName )"/>&lt;/parameter>&lt;parameter direction="IN" type="VARCHAR">&lt;xsl:value-of select="if (fn:contains($ISErrorKey, '.')) then (fn:substring-after($ISErrorKey, '.')) else ($ISErrorKey)"/>&lt;/parameter>&lt;parameter direction="IN" type="VARCHAR">&lt;xsl:value-of select="fn:substring($ISErrorString, 1, 199)"/>&lt;/parameter>&lt;parameter direction="IN" type="VARCHAR">&lt;xsl:value-of select="isxp:serialize($varRequestXML)"/>&lt;/parameter>&lt;parameter direction="OUT" type="VARCHAR"/>&lt;parameter direction="OUT" type="VARCHAR"/>&lt;parameter direction="OUT" type="VARCHAR"/>
		
	 
	 
	 
	
	   
	 
	 
	 
 &lt;/method>
&lt;/query>
&lt;/queries>
  &lt;/xsl:template>
&lt;/xsl:stylesheet></Property>
	<Property name="xslt.source"></Property>
	<Property name="xslt.target"></Property>
	<Property name="xslt.saveAtServer">false</Property>
</Properties>