<?xml version='1.0' encoding='UTF-8'?>

<Properties version="4.1">
	<Property name="xslt.base64Zipped">true</Property>
	<Property name="xslt.ignoreInput">false</Property>
	<Property name="xslt.params" type="List" />
	<Property name="xslt.saveAtServer">false</Property>
	<Property name="xslt.source"></Property>
	<Property name="xslt.stylesheet" type="XmlDocument">&lt;?xml version="1.0" encoding="UTF-8"?>
&lt;xsl:stylesheet xmlns:xsl="http://www.w3.org/1999/XSL/Transform" xmlns:xs="http://www.w3.org/2001/XMLSchema" xmlns:xsi="http://www.w3.org/2001/XMLSchema-instance" exclude-result-prefixes="xs" version="2.0">
  &lt;xsl:output method="xml" encoding="UTF-8"/>
  &lt;xsl:template match="/">&lt;ResultSet>&lt;xsl:for-each select="/call/ReturnedResultSets/ResultSet/Row">&lt;Row>&lt;RecordID>&lt;xsl:value-of select="Column[1]/Value/text()"/>&lt;/RecordID>&lt;StatusCode>&lt;xsl:value-of select="Column[2]/Value/text()"/>&lt;/StatusCode>&lt;ReplicationTimeStamp>&lt;xsl:value-of select="Column[3]/Value/text()"/>&lt;/ReplicationTimeStamp>&lt;BufferTableName>&lt;xsl:value-of select="Column[4]/Value/text()"/>&lt;/BufferTableName>&lt;/Row>&lt;/xsl:for-each>&lt;/ResultSet>
  &lt;/xsl:template>
&lt;/xsl:stylesheet></Property>
	<Property name="xslt.target"></Property>
	<Property name="xslt.transformer">net.sf.saxon.TransformerFactoryImpl</Property>
</Properties>