<?xml version="1.0" encoding="UTF-8"?><IBISWorkflow version="5.3">
  <Modules>
    <ModuleGroup>
      <ModuleGroupName>Data Converter</ModuleGroupName>
    </ModuleGroup>
    <ModuleGroup>
      <ModuleGroupName>Assign</ModuleGroupName>
      <Module>
        <ModuleName>Assign-1</ModuleName>
        <InputMessageType>*</InputMessageType>
        <OutputMessageType>*</OutputMessageType>
        <PluginName>Assign</PluginName>
        <CheckinComment>@@@Server: JpadDfcInubitV6lb1.ap-southeast-1.compute.internal@@@Version: 1@@@Export/Deployment: 20.04.2015 23:04:03@@@</CheckinComment>
        <LastUpdate>16.03.2015 15:34:34</LastUpdate>
        <ExportUser>Amway</ExportUser>
        <IsActive>true</IsActive>
        <IsInputConnector>false</IsInputConnector>
        <IsOutputConnector>false</IsOutputConnector>
        <ErrorSuppression>true</ErrorSuppression>
      </Module>
      <Module>
        <ModuleName>AssignSite</ModuleName>
        <InputMessageType>*</InputMessageType>
        <OutputMessageType>*</OutputMessageType>
        <PluginName>Assign</PluginName>
        <CheckinComment>@@@Server: JpadDfcInubitV6lb1.ap-southeast-1.compute.internal@@@Version: 1@@@Export/Deployment: 20.04.2015 23:04:03@@@</CheckinComment>
        <LastUpdate>17.03.2015 07:28:13</LastUpdate>
        <ExportUser>Amway</ExportUser>
        <IsActive>true</IsActive>
        <IsInputConnector>false</IsInputConnector>
        <IsOutputConnector>false</IsOutputConnector>
        <ErrorSuppression>true</ErrorSuppression>
      </Module>
      <Module>
        <ModuleName>InitDistributionLB</ModuleName>
        <InputMessageType>*</InputMessageType>
        <OutputMessageType>*</OutputMessageType>
        <PluginName>Assign</PluginName>
        <CheckinComment>@@@Server: JpadDfcInubitV6lb1.ap-southeast-1.compute.internal@@@Version: 1@@@Export/Deployment: 20.04.2015 23:04:03@@@</CheckinComment>
        <LastUpdate>29.09.2014 20:07:19</LastUpdate>
        <ExportUser>Amway</ExportUser>
        <IsActive>true</IsActive>
        <IsInputConnector>false</IsInputConnector>
        <IsOutputConnector>false</IsOutputConnector>
        <ErrorSuppression>true</ErrorSuppression>
      </Module>
      <Module>
        <ModuleName>InitProcessing</ModuleName>
        <InputMessageType>*</InputMessageType>
        <OutputMessageType>*</OutputMessageType>
        <PluginName>Assign</PluginName>
        <CheckinComment>@@@Server: JpadDfcInubitV6lb1.ap-southeast-1.compute.internal@@@Version: 1@@@Export/Deployment: 20.04.2015 23:04:03@@@</CheckinComment>
        <LastUpdate>04.08.2014 09:38:44</LastUpdate>
        <ExportUser>Amway</ExportUser>
        <IsActive>true</IsActive>
        <IsInputConnector>false</IsInputConnector>
        <IsOutputConnector>false</IsOutputConnector>
      </Module>
      <Module>
        <ModuleName>InitSplitter</ModuleName>
        <InputMessageType>*</InputMessageType>
        <OutputMessageType>*</OutputMessageType>
        <PluginName>Assign</PluginName>
        <CheckinComment>@@@Server: JpadDfcInubitV6lb1.ap-southeast-1.compute.internal@@@Version: 1@@@Export/Deployment: 20.04.2015 23:04:03@@@</CheckinComment>
        <LastUpdate>23.09.2014 18:34:25</LastUpdate>
        <ExportUser>Amway</ExportUser>
        <IsActive>true</IsActive>
        <IsInputConnector>false</IsInputConnector>
        <IsOutputConnector>false</IsOutputConnector>
      </Module>
      <Module>
        <ModuleName>Start</ModuleName>
        <InputMessageType>*</InputMessageType>
        <OutputMessageType>*</OutputMessageType>
        <PluginName>Assign</PluginName>
        <CheckinComment>@@@Server: JpadDfcInubitV6lb1.ap-southeast-1.compute.internal@@@Version: 1@@@Export/Deployment: 20.04.2015 23:04:03@@@</CheckinComment>
        <LastUpdate>17.03.2015 06:47:19</LastUpdate>
        <ExportUser>Amway</ExportUser>
        <IsActive>true</IsActive>
        <IsInputConnector>false</IsInputConnector>
        <IsOutputConnector>false</IsOutputConnector>
        <ErrorSuppression>true</ErrorSuppression>
      </Module>
    </ModuleGroup>
    <ModuleGroup>
      <ModuleGroupName>XSLT Converter</ModuleGroupName>
      <Module>
        <ModuleName>BldMetadataXML2</ModuleName>
        <InputMessageType>*</InputMessageType>
        <OutputMessageType>*</OutputMessageType>
        <PluginName>XSLT Converter</PluginName>
        <CheckinComment>@@@Server: JpadDfcInubitV6lb1.ap-southeast-1.compute.internal@@@Version: 1@@@Export/Deployment: 20.04.2015 23:04:03@@@</CheckinComment>
        <LastUpdate>11.03.2015 13:16:37</LastUpdate>
        <ExportUser>Amway</ExportUser>
        <IsActive>true</IsActive>
        <IsInputConnector>false</IsInputConnector>
        <IsOutputConnector>false</IsOutputConnector>
      </Module>
      <Module>
        <ModuleName>DataFormatterLB</ModuleName>
        <InputMessageType>*</InputMessageType>
        <OutputMessageType>*</OutputMessageType>
        <PluginName>XSLT Converter</PluginName>
        <CheckinComment>@@@Server: JpadDfcInubitV6lb1.ap-southeast-1.compute.internal@@@Version: 1@@@Export/Deployment: 20.04.2015 23:04:03@@@</CheckinComment>
        <LastUpdate>10.03.2015 18:03:09</LastUpdate>
        <ExportUser>Amway</ExportUser>
        <IsActive>true</IsActive>
        <IsInputConnector>false</IsInputConnector>
        <IsOutputConnector>false</IsOutputConnector>
        <ErrorSuppression>true</ErrorSuppression>
      </Module>
      <Module>
        <ModuleName>ErrMsgBuilder</ModuleName>
        <InputMessageType>*</InputMessageType>
        <OutputMessageType>*</OutputMessageType>
        <PluginName>XSLT Converter</PluginName>
        <CheckinComment>@@@Server: JpadDfcInubitV6lb1.ap-southeast-1.compute.internal@@@Version: 1@@@Export/Deployment: 20.04.2015 23:04:03@@@</CheckinComment>
        <LastUpdate>19.03.2015 17:10:46</LastUpdate>
        <ExportUser>Amway</ExportUser>
        <IsActive>true</IsActive>
        <IsInputConnector>false</IsInputConnector>
        <IsOutputConnector>false</IsOutputConnector>
        <ErrorSuppression>true</ErrorSuppression>
      </Module>
      <Module>
        <ModuleName>FormatRS1</ModuleName>
        <InputMessageType>*</InputMessageType>
        <OutputMessageType>*</OutputMessageType>
        <PluginName>XSLT Converter</PluginName>
        <CheckinComment>@@@Server: JpadDfcInubitV6lb1.ap-southeast-1.compute.internal@@@Version: 1@@@Export/Deployment: 20.04.2015 23:04:03@@@</CheckinComment>
        <LastUpdate>27.02.2015 11:21:49</LastUpdate>
        <ExportUser>Amway</ExportUser>
        <IsActive>true</IsActive>
        <IsInputConnector>false</IsInputConnector>
        <IsOutputConnector>false</IsOutputConnector>
      </Module>
      <Module>
        <ModuleName>InsReplTimeLog</ModuleName>
        <InputMessageType>*</InputMessageType>
        <OutputMessageType>*</OutputMessageType>
        <PluginName>XSLT Converter</PluginName>
        <CheckinComment>@@@Server: JpadDfcInubitV6lb1.ap-southeast-1.compute.internal@@@Version: 1@@@Export/Deployment: 20.04.2015 23:04:03@@@</CheckinComment>
        <LastUpdate>10.09.2014 20:01:07</LastUpdate>
        <ExportUser>Amway</ExportUser>
        <IsActive>true</IsActive>
        <IsInputConnector>false</IsInputConnector>
        <IsOutputConnector>false</IsOutputConnector>
        <ErrorSuppression>true</ErrorSuppression>
      </Module>
      <Module>
        <ModuleName>ManageReconciliation1</ModuleName>
        <InputMessageType>*</InputMessageType>
        <OutputMessageType>*</OutputMessageType>
        <PluginName>XSLT Converter</PluginName>
        <CheckinComment>@@@Server: JpadDfcInubitV6lb1.ap-southeast-1.compute.internal@@@Version: 1@@@Export/Deployment: 20.04.2015 23:04:03@@@</CheckinComment>
        <LastUpdate>27.02.2015 11:04:30</LastUpdate>
        <ExportUser>Amway</ExportUser>
        <IsActive>true</IsActive>
        <IsInputConnector>false</IsInputConnector>
        <IsOutputConnector>false</IsOutputConnector>
        <ErrorSuppression>true</ErrorSuppression>
      </Module>
      <Module>
        <ModuleName>NValuesSeperator</ModuleName>
        <InputMessageType>*</InputMessageType>
        <OutputMessageType>*</OutputMessageType>
        <PluginName>XSLT Converter</PluginName>
        <CheckinComment>@@@Server: JpadDfcInubitV6lb1.ap-southeast-1.compute.internal@@@Version: 1@@@Export/Deployment: 20.04.2015 23:04:03@@@</CheckinComment>
        <LastUpdate>05.02.2015 18:39:02</LastUpdate>
        <ExportUser>Amway</ExportUser>
        <IsActive>true</IsActive>
        <IsInputConnector>false</IsInputConnector>
        <IsOutputConnector>false</IsOutputConnector>
        <ErrorSuppression>true</ErrorSuppression>
      </Module>
      <Module>
        <ModuleName>RSSplitter2</ModuleName>
        <InputMessageType>*</InputMessageType>
        <OutputMessageType>*</OutputMessageType>
        <PluginName>XSLT Converter</PluginName>
        <CheckinComment>@@@Server: JpadDfcInubitV6lb1.ap-southeast-1.compute.internal@@@Version: 1@@@Export/Deployment: 20.04.2015 23:04:03@@@</CheckinComment>
        <LastUpdate>19.08.2014 15:33:08</LastUpdate>
        <ExportUser>Amway</ExportUser>
        <IsActive>true</IsActive>
        <IsInputConnector>false</IsInputConnector>
        <IsOutputConnector>false</IsOutputConnector>
      </Module>
      <Module>
        <ModuleName>StgInsQryBuilder1</ModuleName>
        <InputMessageType>*</InputMessageType>
        <OutputMessageType>*</OutputMessageType>
        <PluginName>XSLT Converter</PluginName>
        <CheckinComment>@@@Server: JpadDfcInubitV6lb1.ap-southeast-1.compute.internal@@@Version: 1@@@Export/Deployment: 20.04.2015 23:04:03@@@</CheckinComment>
        <LastUpdate>13.01.2015 23:11:01</LastUpdate>
        <ExportUser>Amway</ExportUser>
        <IsActive>true</IsActive>
        <IsInputConnector>false</IsInputConnector>
        <IsOutputConnector>false</IsOutputConnector>
        <ErrorSuppression>true</ErrorSuppression>
      </Module>
      <Module>
        <ModuleName>UpdBufStatus1</ModuleName>
        <InputMessageType>*</InputMessageType>
        <OutputMessageType>*</OutputMessageType>
        <PluginName>XSLT Converter</PluginName>
        <CheckinComment>@@@Server: JpadDfcInubitV6lb1.ap-southeast-1.compute.internal@@@Version: 1@@@Export/Deployment: 20.04.2015 23:04:03@@@</CheckinComment>
        <LastUpdate>18.03.2015 13:03:06</LastUpdate>
        <ExportUser>Amway</ExportUser>
        <IsActive>true</IsActive>
        <IsInputConnector>false</IsInputConnector>
        <IsOutputConnector>false</IsOutputConnector>
      </Module>
    </ModuleGroup>
    <ModuleGroup>
      <ModuleGroupName>HTTP Connector</ModuleGroupName>
      <Module>
        <ModuleName>BuffDataReceiver</ModuleName>
        <InputMessageType>*</InputMessageType>
        <OutputMessageType>*</OutputMessageType>
        <PluginName>HTTP Connector</PluginName>
        <CheckinComment>@@@Server: JpadDfcInubitV6lb1.ap-southeast-1.compute.internal@@@Version: 1@@@Export/Deployment: 20.04.2015 23:04:03@@@</CheckinComment>
        <LastUpdate>09.04.2015 14:09:26</LastUpdate>
        <ExportUser>Amway</ExportUser>
        <IsActive>true</IsActive>
        <IsInputConnector>true</IsInputConnector>
        <IsOutputConnector>false</IsOutputConnector>
        <ErrorSuppression>true</ErrorSuppression>
      </Module>
      <Module>
        <ModuleName>DistBatchLB</ModuleName>
        <InputMessageType>*</InputMessageType>
        <OutputMessageType>*</OutputMessageType>
        <PluginName>HTTP Connector</PluginName>
        <CheckinComment>@@@Server: JpadDfcInubitV6lb1.ap-southeast-1.compute.internal@@@Version: 1@@@Export/Deployment: 20.04.2015 23:04:03@@@</CheckinComment>
        <LastUpdate>08.04.2015 17:32:07</LastUpdate>
        <ExportUser>Amway</ExportUser>
        <IsActive>true</IsActive>
        <IsInputConnector>false</IsInputConnector>
        <IsOutputConnector>true</IsOutputConnector>
        <ErrorSuppression>true</ErrorSuppression>
      </Module>
      <Module>
        <ModuleName>DistBatchLBin</ModuleName>
        <InputMessageType>*</InputMessageType>
        <OutputMessageType>*</OutputMessageType>
        <PluginName>HTTP Connector</PluginName>
        <CheckinComment>@@@Server: JpadDfcInubitV6lb1.ap-southeast-1.compute.internal@@@Version: 1@@@Export/Deployment: 20.04.2015 23:04:03@@@</CheckinComment>
        <LastUpdate>09.04.2015 14:05:08</LastUpdate>
        <ExportUser>Amway</ExportUser>
        <IsActive>true</IsActive>
        <IsInputConnector>true</IsInputConnector>
        <IsOutputConnector>false</IsOutputConnector>
        <ErrorSuppression>true</ErrorSuppression>
      </Module>
    </ModuleGroup>
    <ModuleGroup>
      <ModuleGroupName>Demultiplexer</ModuleGroupName>
      <Module>
        <ModuleName>ChkCopyDmxLB</ModuleName>
        <InputMessageType>*</InputMessageType>
        <OutputMessageType>*</OutputMessageType>
        <PluginName>Demultiplexer</PluginName>
        <CheckinComment>@@@Server: JpadDfcInubitV6lb1.ap-southeast-1.compute.internal@@@Version: 1@@@Export/Deployment: 20.04.2015 23:04:03@@@</CheckinComment>
        <LastUpdate>01.10.2014 13:20:41</LastUpdate>
        <ExportUser>Amway</ExportUser>
        <IsActive>true</IsActive>
        <IsInputConnector>false</IsInputConnector>
        <IsOutputConnector>false</IsOutputConnector>
      </Module>
      <Module>
        <ModuleName>ChkSite1</ModuleName>
        <InputMessageType>*</InputMessageType>
        <OutputMessageType>*</OutputMessageType>
        <PluginName>Demultiplexer</PluginName>
        <CheckinComment>@@@Server: JpadDfcInubitV6lb1.ap-southeast-1.compute.internal@@@Version: 1@@@Export/Deployment: 20.04.2015 23:04:03@@@</CheckinComment>
        <LastUpdate>12.03.2015 11:23:38</LastUpdate>
        <ExportUser>Amway</ExportUser>
        <IsActive>true</IsActive>
        <IsInputConnector>false</IsInputConnector>
        <IsOutputConnector>false</IsOutputConnector>
        <ErrorSuppression>true</ErrorSuppression>
      </Module>
      <Module>
        <ModuleName>ChkSiteSQL</ModuleName>
        <InputMessageType>*</InputMessageType>
        <OutputMessageType>*</OutputMessageType>
        <PluginName>Demultiplexer</PluginName>
        <CheckinComment>@@@Server: JpadDfcInubitV6lb1.ap-southeast-1.compute.internal@@@Version: 1@@@Export/Deployment: 20.04.2015 23:04:03@@@</CheckinComment>
        <LastUpdate>12.03.2015 14:11:09</LastUpdate>
        <ExportUser>Amway</ExportUser>
        <IsActive>true</IsActive>
        <IsInputConnector>false</IsInputConnector>
        <IsOutputConnector>false</IsOutputConnector>
        <ErrorSuppression>true</ErrorSuppression>
      </Module>
      <Module>
        <ModuleName>ChkUpdBatch1</ModuleName>
        <InputMessageType>*</InputMessageType>
        <OutputMessageType>*</OutputMessageType>
        <PluginName>Demultiplexer</PluginName>
        <CheckinComment>@@@Server: JpadDfcInubitV6lb1.ap-southeast-1.compute.internal@@@Version: 1@@@Export/Deployment: 20.04.2015 23:04:03@@@</CheckinComment>
        <LastUpdate>27.02.2015 11:15:35</LastUpdate>
        <ExportUser>Amway</ExportUser>
        <IsActive>true</IsActive>
        <IsInputConnector>false</IsInputConnector>
        <IsOutputConnector>false</IsOutputConnector>
        <ErrorSuppression>true</ErrorSuppression>
      </Module>
      <Module>
        <ModuleName>DistributionChkLB</ModuleName>
        <InputMessageType>*</InputMessageType>
        <OutputMessageType>*</OutputMessageType>
        <PluginName>Demultiplexer</PluginName>
        <CheckinComment>@@@Server: JpadDfcInubitV6lb1.ap-southeast-1.compute.internal@@@Version: 1@@@Export/Deployment: 20.04.2015 23:04:03@@@</CheckinComment>
        <LastUpdate>29.09.2014 20:11:54</LastUpdate>
        <ExportUser>Amway</ExportUser>
        <IsActive>true</IsActive>
        <IsInputConnector>false</IsInputConnector>
        <IsOutputConnector>false</IsOutputConnector>
        <ErrorSuppression>true</ErrorSuppression>
      </Module>
      <Module>
        <ModuleName>PriorityChk</ModuleName>
        <InputMessageType>*</InputMessageType>
        <OutputMessageType>*</OutputMessageType>
        <PluginName>Demultiplexer</PluginName>
        <CheckinComment>@@@Server: JpadDfcInubitV6lb1.ap-southeast-1.compute.internal@@@Version: 1@@@Export/Deployment: 20.04.2015 23:04:03@@@</CheckinComment>
        <LastUpdate>29.09.2014 20:09:19</LastUpdate>
        <ExportUser>Amway</ExportUser>
        <IsActive>true</IsActive>
        <IsInputConnector>false</IsInputConnector>
        <IsOutputConnector>false</IsOutputConnector>
        <ErrorSuppression>true</ErrorSuppression>
      </Module>
    </ModuleGroup>
    <ModuleGroup>
      <ModuleGroupName>Database Connector</ModuleGroupName>
      <Module>
        <ModuleName>DB2ReplConn1</ModuleName>
        <InputMessageType>*</InputMessageType>
        <OutputMessageType>*</OutputMessageType>
        <PluginName>Database Connector</PluginName>
        <CheckinComment>@@@Server: JpadDfcInubitV6lb1.ap-southeast-1.compute.internal@@@Version: 1@@@Export/Deployment: 20.04.2015 23:04:03@@@</CheckinComment>
        <LastUpdate>31.03.2015 10:18:45</LastUpdate>
        <ExportUser>Amway</ExportUser>
        <IsActive>true</IsActive>
        <IsInputConnector>true</IsInputConnector>
        <IsOutputConnector>true</IsOutputConnector>
        <ErrorSuppression>true</ErrorSuppression>
      </Module>
      <Module>
        <ModuleName>DB2ReplConn10</ModuleName>
        <InputMessageType>*</InputMessageType>
        <OutputMessageType>*</OutputMessageType>
        <PluginName>Database Connector</PluginName>
        <CheckinComment>@@@Server: JpadDfcInubitV6lb1.ap-southeast-1.compute.internal@@@Version: 1@@@Export/Deployment: 20.04.2015 23:04:03@@@</CheckinComment>
        <LastUpdate>23.03.2015 14:56:17</LastUpdate>
        <ExportUser>Amway</ExportUser>
        <IsActive>true</IsActive>
        <IsInputConnector>true</IsInputConnector>
        <IsOutputConnector>true</IsOutputConnector>
        <ErrorSuppression>true</ErrorSuppression>
      </Module>
      <Module>
        <ModuleName>DB2ReplConn2</ModuleName>
        <InputMessageType>*</InputMessageType>
        <OutputMessageType>*</OutputMessageType>
        <PluginName>Database Connector</PluginName>
        <CheckinComment>@@@Server: JpadDfcInubitV6lb1.ap-southeast-1.compute.internal@@@Version: 1@@@Export/Deployment: 20.04.2015 23:04:03@@@</CheckinComment>
        <LastUpdate>26.03.2015 14:52:50</LastUpdate>
        <ExportUser>Amway</ExportUser>
        <IsActive>true</IsActive>
        <IsInputConnector>true</IsInputConnector>
        <IsOutputConnector>true</IsOutputConnector>
        <ErrorSuppression>true</ErrorSuppression>
      </Module>
      <Module>
        <ModuleName>DB2ReplConn3</ModuleName>
        <InputMessageType>*</InputMessageType>
        <OutputMessageType>*</OutputMessageType>
        <PluginName>Database Connector</PluginName>
        <CheckinComment>@@@Server: JpadDfcInubitV6lb1.ap-southeast-1.compute.internal@@@Version: 1@@@Export/Deployment: 20.04.2015 23:04:03@@@</CheckinComment>
        <LastUpdate>12.03.2015 15:22:02</LastUpdate>
        <ExportUser>Amway</ExportUser>
        <IsActive>true</IsActive>
        <IsInputConnector>true</IsInputConnector>
        <IsOutputConnector>true</IsOutputConnector>
        <ErrorSuppression>true</ErrorSuppression>
      </Module>
      <Module>
        <ModuleName>DB2ReplConn4</ModuleName>
        <InputMessageType>*</InputMessageType>
        <OutputMessageType>*</OutputMessageType>
        <PluginName>Database Connector</PluginName>
        <CheckinComment>@@@Server: JpadDfcInubitV6lb1.ap-southeast-1.compute.internal@@@Version: 1@@@Export/Deployment: 20.04.2015 23:04:03@@@</CheckinComment>
        <LastUpdate>12.03.2015 11:56:10</LastUpdate>
        <ExportUser>Amway</ExportUser>
        <IsActive>true</IsActive>
        <IsInputConnector>true</IsInputConnector>
        <IsOutputConnector>true</IsOutputConnector>
        <ErrorSuppression>true</ErrorSuppression>
      </Module>
      <Module>
        <ModuleName>DB2ReplConn5</ModuleName>
        <InputMessageType>*</InputMessageType>
        <OutputMessageType>*</OutputMessageType>
        <PluginName>Database Connector</PluginName>
        <CheckinComment>@@@Server: JpadDfcInubitV6lb1.ap-southeast-1.compute.internal@@@Version: 1@@@Export/Deployment: 20.04.2015 23:04:03@@@</CheckinComment>
        <LastUpdate>12.03.2015 11:56:21</LastUpdate>
        <ExportUser>Amway</ExportUser>
        <IsActive>true</IsActive>
        <IsInputConnector>true</IsInputConnector>
        <IsOutputConnector>true</IsOutputConnector>
        <ErrorSuppression>true</ErrorSuppression>
      </Module>
      <Module>
        <ModuleName>DB2ReplConn6</ModuleName>
        <InputMessageType>*</InputMessageType>
        <OutputMessageType>*</OutputMessageType>
        <PluginName>Database Connector</PluginName>
        <CheckinComment>@@@Server: JpadDfcInubitV6lb1.ap-southeast-1.compute.internal@@@Version: 1@@@Export/Deployment: 20.04.2015 23:04:03@@@</CheckinComment>
        <LastUpdate>12.03.2015 11:56:30</LastUpdate>
        <ExportUser>Amway</ExportUser>
        <IsActive>true</IsActive>
        <IsInputConnector>true</IsInputConnector>
        <IsOutputConnector>true</IsOutputConnector>
        <ErrorSuppression>true</ErrorSuppression>
      </Module>
      <Module>
        <ModuleName>DB2ReplConn7</ModuleName>
        <InputMessageType>*</InputMessageType>
        <OutputMessageType>*</OutputMessageType>
        <PluginName>Database Connector</PluginName>
        <CheckinComment>@@@Server: JpadDfcInubitV6lb1.ap-southeast-1.compute.internal@@@Version: 1@@@Export/Deployment: 20.04.2015 23:04:03@@@</CheckinComment>
        <LastUpdate>12.03.2015 11:56:40</LastUpdate>
        <ExportUser>Amway</ExportUser>
        <IsActive>true</IsActive>
        <IsInputConnector>true</IsInputConnector>
        <IsOutputConnector>true</IsOutputConnector>
        <ErrorSuppression>true</ErrorSuppression>
      </Module>
      <Module>
        <ModuleName>DB2ReplConn8</ModuleName>
        <InputMessageType>*</InputMessageType>
        <OutputMessageType>*</OutputMessageType>
        <PluginName>Database Connector</PluginName>
        <CheckinComment>@@@Server: JpadDfcInubitV6lb1.ap-southeast-1.compute.internal@@@Version: 1@@@Export/Deployment: 20.04.2015 23:04:03@@@</CheckinComment>
        <LastUpdate>12.03.2015 11:56:50</LastUpdate>
        <ExportUser>Amway</ExportUser>
        <IsActive>true</IsActive>
        <IsInputConnector>true</IsInputConnector>
        <IsOutputConnector>true</IsOutputConnector>
        <ErrorSuppression>true</ErrorSuppression>
      </Module>
      <Module>
        <ModuleName>DB2ReplConn9</ModuleName>
        <InputMessageType>*</InputMessageType>
        <OutputMessageType>*</OutputMessageType>
        <PluginName>Database Connector</PluginName>
        <CheckinComment>@@@Server: JpadDfcInubitV6lb1.ap-southeast-1.compute.internal@@@Version: 1@@@Export/Deployment: 20.04.2015 23:04:03@@@</CheckinComment>
        <LastUpdate>23.03.2015 12:21:19</LastUpdate>
        <ExportUser>Amway</ExportUser>
        <IsActive>true</IsActive>
        <IsInputConnector>true</IsInputConnector>
        <IsOutputConnector>true</IsOutputConnector>
        <ErrorSuppression>true</ErrorSuppression>
      </Module>
      <Module>
        <ModuleName>SQLReplConn1</ModuleName>
        <InputMessageType>*</InputMessageType>
        <OutputMessageType>*</OutputMessageType>
        <PluginName>Database Connector</PluginName>
        <CheckinComment>@@@Server: JpadDfcInubitV6lb1.ap-southeast-1.compute.internal@@@Version: 1@@@Export/Deployment: 20.04.2015 23:04:03@@@</CheckinComment>
        <LastUpdate>12.03.2015 15:27:38</LastUpdate>
        <ExportUser>Amway</ExportUser>
        <IsActive>true</IsActive>
        <IsInputConnector>true</IsInputConnector>
        <IsOutputConnector>true</IsOutputConnector>
        <ErrorSuppression>true</ErrorSuppression>
      </Module>
      <Module>
        <ModuleName>SQLReplConn10</ModuleName>
        <InputMessageType>*</InputMessageType>
        <OutputMessageType>*</OutputMessageType>
        <PluginName>Database Connector</PluginName>
        <CheckinComment>@@@Server: JpadDfcInubitV6lb1.ap-southeast-1.compute.internal@@@Version: 1@@@Export/Deployment: 20.04.2015 23:04:03@@@</CheckinComment>
        <LastUpdate>15.04.2015 13:20:45</LastUpdate>
        <ExportUser>Amway</ExportUser>
        <IsActive>true</IsActive>
        <IsInputConnector>true</IsInputConnector>
        <IsOutputConnector>true</IsOutputConnector>
        <ErrorSuppression>true</ErrorSuppression>
      </Module>
      <Module>
        <ModuleName>SQLReplConn2</ModuleName>
        <InputMessageType>*</InputMessageType>
        <OutputMessageType>*</OutputMessageType>
        <PluginName>Database Connector</PluginName>
        <CheckinComment>@@@Server: JpadDfcInubitV6lb1.ap-southeast-1.compute.internal@@@Version: 1@@@Export/Deployment: 20.04.2015 23:04:03@@@</CheckinComment>
        <LastUpdate>23.03.2015 16:20:08</LastUpdate>
        <ExportUser>Amway</ExportUser>
        <IsActive>true</IsActive>
        <IsInputConnector>true</IsInputConnector>
        <IsOutputConnector>true</IsOutputConnector>
        <ErrorSuppression>true</ErrorSuppression>
      </Module>
      <Module>
        <ModuleName>SQLReplConn3</ModuleName>
        <InputMessageType>*</InputMessageType>
        <OutputMessageType>*</OutputMessageType>
        <PluginName>Database Connector</PluginName>
        <CheckinComment>@@@Server: JpadDfcInubitV6lb1.ap-southeast-1.compute.internal@@@Version: 1@@@Export/Deployment: 20.04.2015 23:04:03@@@</CheckinComment>
        <LastUpdate>12.03.2015 15:28:36</LastUpdate>
        <ExportUser>Amway</ExportUser>
        <IsActive>true</IsActive>
        <IsInputConnector>true</IsInputConnector>
        <IsOutputConnector>true</IsOutputConnector>
        <ErrorSuppression>true</ErrorSuppression>
      </Module>
      <Module>
        <ModuleName>SQLReplConn4</ModuleName>
        <InputMessageType>*</InputMessageType>
        <OutputMessageType>*</OutputMessageType>
        <PluginName>Database Connector</PluginName>
        <CheckinComment>@@@Server: JpadDfcInubitV6lb1.ap-southeast-1.compute.internal@@@Version: 1@@@Export/Deployment: 20.04.2015 23:04:03@@@</CheckinComment>
        <LastUpdate>12.03.2015 14:12:31</LastUpdate>
        <ExportUser>Amway</ExportUser>
        <IsActive>true</IsActive>
        <IsInputConnector>true</IsInputConnector>
        <IsOutputConnector>true</IsOutputConnector>
        <ErrorSuppression>true</ErrorSuppression>
      </Module>
      <Module>
        <ModuleName>SQLReplConn5</ModuleName>
        <InputMessageType>*</InputMessageType>
        <OutputMessageType>*</OutputMessageType>
        <PluginName>Database Connector</PluginName>
        <CheckinComment>@@@Server: JpadDfcInubitV6lb1.ap-southeast-1.compute.internal@@@Version: 1@@@Export/Deployment: 20.04.2015 23:04:03@@@</CheckinComment>
        <LastUpdate>23.03.2015 16:22:10</LastUpdate>
        <ExportUser>Amway</ExportUser>
        <IsActive>true</IsActive>
        <IsInputConnector>true</IsInputConnector>
        <IsOutputConnector>true</IsOutputConnector>
        <ErrorSuppression>true</ErrorSuppression>
      </Module>
      <Module>
        <ModuleName>SQLReplConn6</ModuleName>
        <InputMessageType>*</InputMessageType>
        <OutputMessageType>*</OutputMessageType>
        <PluginName>Database Connector</PluginName>
        <CheckinComment>@@@Server: JpadDfcInubitV6lb1.ap-southeast-1.compute.internal@@@Version: 1@@@Export/Deployment: 20.04.2015 23:04:03@@@</CheckinComment>
        <LastUpdate>23.03.2015 16:22:49</LastUpdate>
        <ExportUser>Amway</ExportUser>
        <IsActive>true</IsActive>
        <IsInputConnector>true</IsInputConnector>
        <IsOutputConnector>true</IsOutputConnector>
        <ErrorSuppression>true</ErrorSuppression>
      </Module>
      <Module>
        <ModuleName>SQLReplConn7</ModuleName>
        <InputMessageType>*</InputMessageType>
        <OutputMessageType>*</OutputMessageType>
        <PluginName>Database Connector</PluginName>
        <CheckinComment>@@@Server: JpadDfcInubitV6lb1.ap-southeast-1.compute.internal@@@Version: 1@@@Export/Deployment: 20.04.2015 23:04:03@@@</CheckinComment>
        <LastUpdate>18.03.2015 11:04:20</LastUpdate>
        <ExportUser>Amway</ExportUser>
        <IsActive>true</IsActive>
        <IsInputConnector>true</IsInputConnector>
        <IsOutputConnector>true</IsOutputConnector>
        <ErrorSuppression>true</ErrorSuppression>
      </Module>
      <Module>
        <ModuleName>SQLReplConn8</ModuleName>
        <InputMessageType>*</InputMessageType>
        <OutputMessageType>*</OutputMessageType>
        <PluginName>Database Connector</PluginName>
        <CheckinComment>@@@Server: JpadDfcInubitV6lb1.ap-southeast-1.compute.internal@@@Version: 1@@@Export/Deployment: 20.04.2015 23:04:03@@@</CheckinComment>
        <LastUpdate>23.03.2015 16:23:16</LastUpdate>
        <ExportUser>Amway</ExportUser>
        <IsActive>true</IsActive>
        <IsInputConnector>true</IsInputConnector>
        <IsOutputConnector>true</IsOutputConnector>
        <ErrorSuppression>true</ErrorSuppression>
      </Module>
      <Module>
        <ModuleName>SQLReplConn9</ModuleName>
        <InputMessageType>*</InputMessageType>
        <OutputMessageType>*</OutputMessageType>
        <PluginName>Database Connector</PluginName>
        <CheckinComment>@@@Server: JpadDfcInubitV6lb1.ap-southeast-1.compute.internal@@@Version: 1@@@Export/Deployment: 20.04.2015 23:04:03@@@</CheckinComment>
        <LastUpdate>23.03.2015 15:08:20</LastUpdate>
        <ExportUser>Amway</ExportUser>
        <IsActive>true</IsActive>
        <IsInputConnector>true</IsInputConnector>
        <IsOutputConnector>true</IsOutputConnector>
        <ErrorSuppression>true</ErrorSuppression>
      </Module>
    </ModuleGroup>
    <ModuleGroup>
      <ModuleGroupName>Exit</ModuleGroupName>
      <Module>
        <ModuleName>ExitDistribution</ModuleName>
        <InputMessageType>*</InputMessageType>
        <OutputMessageType>*</OutputMessageType>
        <PluginName>Exit</PluginName>
        <CheckinComment>@@@Server: JpadDfcInubitV6lb1.ap-southeast-1.compute.internal@@@Version: 1@@@Export/Deployment: 20.04.2015 23:04:03@@@</CheckinComment>
        <LastUpdate>29.09.2014 20:12:41</LastUpdate>
        <ExportUser>Amway</ExportUser>
        <IsActive>true</IsActive>
        <IsInputConnector>false</IsInputConnector>
        <IsOutputConnector>false</IsOutputConnector>
        <ErrorSuppression>true</ErrorSuppression>
      </Module>
      <Module>
        <ModuleName>ExitReceiver</ModuleName>
        <InputMessageType>*</InputMessageType>
        <OutputMessageType>*</OutputMessageType>
        <PluginName>Exit</PluginName>
        <CheckinComment>@@@Server: JpadDfcInubitV6lb1.ap-southeast-1.compute.internal@@@Version: 1@@@Export/Deployment: 20.04.2015 23:04:03@@@</CheckinComment>
        <LastUpdate>29.09.2014 19:10:53</LastUpdate>
        <ExportUser>Amway</ExportUser>
        <IsActive>true</IsActive>
        <IsInputConnector>false</IsInputConnector>
        <IsOutputConnector>false</IsOutputConnector>
        <ErrorSuppression>true</ErrorSuppression>
      </Module>
      <Module>
        <ModuleName>ExitUpd1</ModuleName>
        <InputMessageType>*</InputMessageType>
        <OutputMessageType>*</OutputMessageType>
        <PluginName>Exit</PluginName>
        <CheckinComment>@@@Server: JpadDfcInubitV6lb1.ap-southeast-1.compute.internal@@@Version: 1@@@Export/Deployment: 20.04.2015 23:04:03@@@</CheckinComment>
        <LastUpdate>27.02.2015 11:28:40</LastUpdate>
        <ExportUser>Amway</ExportUser>
        <IsActive>true</IsActive>
        <IsInputConnector>false</IsInputConnector>
        <IsOutputConnector>false</IsOutputConnector>
      </Module>
    </ModuleGroup>
    <ModuleGroup>
      <ModuleGroupName>Joiner</ModuleGroupName>
      <Module>
        <ModuleName>LoopJoiner1</ModuleName>
        <InputMessageType>*</InputMessageType>
        <OutputMessageType>*</OutputMessageType>
        <PluginName>Joiner</PluginName>
        <CheckinComment>@@@Server: JpadDfcInubitV6lb1.ap-southeast-1.compute.internal@@@Version: 1@@@Export/Deployment: 20.04.2015 23:04:03@@@</CheckinComment>
        <LastUpdate>27.02.2015 10:59:31</LastUpdate>
        <ExportUser>Amway</ExportUser>
        <IsActive>true</IsActive>
        <IsInputConnector>false</IsInputConnector>
        <IsOutputConnector>false</IsOutputConnector>
      </Module>
    </ModuleGroup>
    <ModuleGroup>
      <ModuleGroupName>Workflow Starter</ModuleGroupName>
      <Module>
        <ModuleName>TriggerUpdate</ModuleName>
        <InputMessageType>*</InputMessageType>
        <OutputMessageType>*</OutputMessageType>
        <PluginName>Workflow Starter</PluginName>
        <CheckinComment>@@@Server: JpadDfcInubitV6lb1.ap-southeast-1.compute.internal@@@Version: 1@@@Export/Deployment: 20.04.2015 23:04:03@@@</CheckinComment>
        <LastUpdate>01.04.2015 12:07:51</LastUpdate>
        <ExportUser>Amway</ExportUser>
        <IsActive>true</IsActive>
        <IsInputConnector>false</IsInputConnector>
        <IsOutputConnector>false</IsOutputConnector>
        <ErrorSuppression>true</ErrorSuppression>
      </Module>
    </ModuleGroup>
    <ModuleGroup>
      <ModuleGroupName>Workflow Connector</ModuleGroupName>
      <Module>
        <ModuleName>WC-BuffRecordHi</ModuleName>
        <InputMessageType>*</InputMessageType>
        <OutputMessageType>*</OutputMessageType>
        <PluginName>Workflow Connector</PluginName>
        <CheckinComment>@@@Server: JpadDfcInubitV6lb1.ap-southeast-1.compute.internal@@@Version: 1@@@Export/Deployment: 20.04.2015 23:04:03@@@</CheckinComment>
        <LastUpdate>03.10.2014 17:32:44</LastUpdate>
        <ExportUser>Amway</ExportUser>
        <IsActive>true</IsActive>
        <IsInputConnector>false</IsInputConnector>
        <IsOutputConnector>false</IsOutputConnector>
      </Module>
      <Module>
        <ModuleName>WC-BuffRecordLo</ModuleName>
        <InputMessageType>*</InputMessageType>
        <OutputMessageType>*</OutputMessageType>
        <PluginName>Workflow Connector</PluginName>
        <CheckinComment>@@@Server: JpadDfcInubitV6lb1.ap-southeast-1.compute.internal@@@Version: 1@@@Export/Deployment: 20.04.2015 23:04:03@@@</CheckinComment>
        <LastUpdate>03.10.2014 17:33:12</LastUpdate>
        <ExportUser>Amway</ExportUser>
        <IsActive>true</IsActive>
        <IsInputConnector>false</IsInputConnector>
        <IsOutputConnector>false</IsOutputConnector>
      </Module>
      <Module>
        <ModuleName>WC-BuffRecordMed</ModuleName>
        <InputMessageType>*</InputMessageType>
        <OutputMessageType>*</OutputMessageType>
        <PluginName>Workflow Connector</PluginName>
        <CheckinComment>@@@Server: JpadDfcInubitV6lb1.ap-southeast-1.compute.internal@@@Version: 1@@@Export/Deployment: 20.04.2015 23:04:03@@@</CheckinComment>
        <LastUpdate>03.10.2014 17:32:58</LastUpdate>
        <ExportUser>Amway</ExportUser>
        <IsActive>true</IsActive>
        <IsInputConnector>false</IsInputConnector>
        <IsOutputConnector>false</IsOutputConnector>
      </Module>
      <Module>
        <ModuleName>WC-DB2Conn1</ModuleName>
        <InputMessageType>*</InputMessageType>
        <OutputMessageType>*</OutputMessageType>
        <PluginName>Workflow Connector</PluginName>
        <CheckinComment>@@@Server: JpadDfcInubitV6lb1.ap-southeast-1.compute.internal@@@Version: 1@@@Export/Deployment: 20.04.2015 23:04:03@@@</CheckinComment>
        <LastUpdate>12.03.2015 15:10:44</LastUpdate>
        <ExportUser>Amway</ExportUser>
        <IsActive>true</IsActive>
        <IsInputConnector>false</IsInputConnector>
        <IsOutputConnector>false</IsOutputConnector>
      </Module>
      <Module>
        <ModuleName>WC-ErrLogger</ModuleName>
        <InputMessageType>*</InputMessageType>
        <OutputMessageType>*</OutputMessageType>
        <PluginName>Workflow Connector</PluginName>
        <CheckinComment>@@@Server: JpadDfcInubitV6lb1.ap-southeast-1.compute.internal@@@Version: 1@@@Export/Deployment: 20.04.2015 23:04:03@@@</CheckinComment>
        <LastUpdate>05.03.2015 12:25:58</LastUpdate>
        <ExportUser>Amway</ExportUser>
        <IsActive>true</IsActive>
        <IsInputConnector>false</IsInputConnector>
        <IsOutputConnector>false</IsOutputConnector>
        <ErrorSuppression>true</ErrorSuppression>
      </Module>
      <Module>
        <ModuleName>WC-ErrLogger1</ModuleName>
        <InputMessageType>*</InputMessageType>
        <OutputMessageType>*</OutputMessageType>
        <PluginName>Workflow Connector</PluginName>
        <CheckinComment>@@@Server: JpadDfcInubitV6lb1.ap-southeast-1.compute.internal@@@Version: 1@@@Export/Deployment: 20.04.2015 23:04:03@@@</CheckinComment>
        <LastUpdate>09.03.2015 03:00:57</LastUpdate>
        <ExportUser>Amway</ExportUser>
        <IsActive>true</IsActive>
        <IsInputConnector>false</IsInputConnector>
        <IsOutputConnector>false</IsOutputConnector>
        <ErrorSuppression>true</ErrorSuppression>
      </Module>
      <Module>
        <ModuleName>WC-ErrLogger21</ModuleName>
        <InputMessageType>*</InputMessageType>
        <OutputMessageType>*</OutputMessageType>
        <PluginName>Workflow Connector</PluginName>
        <CheckinComment>@@@Server: JpadDfcInubitV6lb1.ap-southeast-1.compute.internal@@@Version: 1@@@Export/Deployment: 20.04.2015 23:04:03@@@</CheckinComment>
        <LastUpdate>12.03.2015 12:13:17</LastUpdate>
        <ExportUser>Amway</ExportUser>
        <IsActive>true</IsActive>
        <IsInputConnector>false</IsInputConnector>
        <IsOutputConnector>false</IsOutputConnector>
        <ErrorSuppression>true</ErrorSuppression>
      </Module>
      <Module>
        <ModuleName>WC-ErrLogger31</ModuleName>
        <InputMessageType>*</InputMessageType>
        <OutputMessageType>*</OutputMessageType>
        <PluginName>Workflow Connector</PluginName>
        <CheckinComment>@@@Server: JpadDfcInubitV6lb1.ap-southeast-1.compute.internal@@@Version: 1@@@Export/Deployment: 20.04.2015 23:04:03@@@</CheckinComment>
        <LastUpdate>12.03.2015 14:35:42</LastUpdate>
        <ExportUser>Amway</ExportUser>
        <IsActive>true</IsActive>
        <IsInputConnector>false</IsInputConnector>
        <IsOutputConnector>false</IsOutputConnector>
        <ErrorSuppression>true</ErrorSuppression>
      </Module>
      <Module>
        <ModuleName>WC-ErrLogger4</ModuleName>
        <InputMessageType>*</InputMessageType>
        <OutputMessageType>*</OutputMessageType>
        <PluginName>Workflow Connector</PluginName>
        <CheckinComment>@@@Server: JpadDfcInubitV6lb1.ap-southeast-1.compute.internal@@@Version: 1@@@Export/Deployment: 20.04.2015 23:04:03@@@</CheckinComment>
        <LastUpdate>09.03.2015 16:39:10</LastUpdate>
        <ExportUser>Amway</ExportUser>
        <IsActive>true</IsActive>
        <IsInputConnector>false</IsInputConnector>
        <IsOutputConnector>false</IsOutputConnector>
        <ErrorSuppression>true</ErrorSuppression>
      </Module>
      <Module>
        <ModuleName>WC-ErrLogger5</ModuleName>
        <InputMessageType>*</InputMessageType>
        <OutputMessageType>*</OutputMessageType>
        <PluginName>Workflow Connector</PluginName>
        <CheckinComment>@@@Server: JpadDfcInubitV6lb1.ap-southeast-1.compute.internal@@@Version: 1@@@Export/Deployment: 20.04.2015 23:04:03@@@</CheckinComment>
        <LastUpdate>17.03.2015 07:07:02</LastUpdate>
        <ExportUser>Amway</ExportUser>
        <IsActive>true</IsActive>
        <IsInputConnector>false</IsInputConnector>
        <IsOutputConnector>false</IsOutputConnector>
        <ErrorSuppression>true</ErrorSuppression>
      </Module>
      <Module>
        <ModuleName>WC-KGDCStgDBConn</ModuleName>
        <InputMessageType>*</InputMessageType>
        <OutputMessageType>*</OutputMessageType>
        <PluginName>Workflow Connector</PluginName>
        <CheckinComment>@@@Server: JpadDfcInubitV6lb1.ap-southeast-1.compute.internal@@@Version: 1@@@Export/Deployment: 20.04.2015 23:04:03@@@</CheckinComment>
        <LastUpdate>19.02.2015 15:37:53</LastUpdate>
        <ExportUser>Amway</ExportUser>
        <IsActive>true</IsActive>
        <IsInputConnector>false</IsInputConnector>
        <IsOutputConnector>false</IsOutputConnector>
        <ErrorSuppression>true</ErrorSuppression>
      </Module>
      <Module>
        <ModuleName>WC-KGDCStgDbConn5</ModuleName>
        <InputMessageType>*</InputMessageType>
        <OutputMessageType>*</OutputMessageType>
        <PluginName>Workflow Connector</PluginName>
        <CheckinComment>@@@Server: JpadDfcInubitV6lb1.ap-southeast-1.compute.internal@@@Version: 1@@@Export/Deployment: 20.04.2015 23:04:03@@@</CheckinComment>
        <LastUpdate>31.03.2015 17:39:06</LastUpdate>
        <ExportUser>Amway</ExportUser>
        <IsActive>true</IsActive>
        <IsInputConnector>false</IsInputConnector>
        <IsOutputConnector>false</IsOutputConnector>
        <ErrorSuppression>true</ErrorSuppression>
      </Module>
      <Module>
        <ModuleName>WC-MultiSiteDbConn</ModuleName>
        <InputMessageType>*</InputMessageType>
        <OutputMessageType>*</OutputMessageType>
        <PluginName>Workflow Connector</PluginName>
        <CheckinComment>@@@Server: JpadDfcInubitV6lb1.ap-southeast-1.compute.internal@@@Version: 1@@@Export/Deployment: 20.04.2015 23:04:03@@@</CheckinComment>
        <LastUpdate>12.03.2015 15:44:48</LastUpdate>
        <ExportUser>Amway</ExportUser>
        <IsActive>true</IsActive>
        <IsInputConnector>false</IsInputConnector>
        <IsOutputConnector>false</IsOutputConnector>
        <ErrorSuppression>true</ErrorSuppression>
      </Module>
      <Module>
        <ModuleName>Wc-MultiSiteDBLog</ModuleName>
        <InputMessageType>*</InputMessageType>
        <OutputMessageType>*</OutputMessageType>
        <PluginName>Workflow Connector</PluginName>
        <CheckinComment>@@@Server: JpadDfcInubitV6lb1.ap-southeast-1.compute.internal@@@Version: 1@@@Export/Deployment: 20.04.2015 23:04:03@@@</CheckinComment>
        <LastUpdate>12.03.2015 15:44:03</LastUpdate>
        <ExportUser>Amway</ExportUser>
        <IsActive>true</IsActive>
        <IsInputConnector>false</IsInputConnector>
        <IsOutputConnector>false</IsOutputConnector>
        <ErrorSuppression>true</ErrorSuppression>
      </Module>
      <Module>
        <ModuleName>WC-ProcBufData1</ModuleName>
        <InputMessageType>*</InputMessageType>
        <OutputMessageType>*</OutputMessageType>
        <PluginName>Workflow Connector</PluginName>
        <CheckinComment>@@@Server: JpadDfcInubitV6lb1.ap-southeast-1.compute.internal@@@Version: 1@@@Export/Deployment: 20.04.2015 23:04:03@@@</CheckinComment>
        <LastUpdate>19.08.2014 15:45:24</LastUpdate>
        <ExportUser>Amway</ExportUser>
        <IsActive>true</IsActive>
        <IsInputConnector>false</IsInputConnector>
        <IsOutputConnector>false</IsOutputConnector>
        <ErrorSuppression>true</ErrorSuppression>
      </Module>
      <Module>
        <ModuleName>WC-RecordDistributor</ModuleName>
        <InputMessageType>*</InputMessageType>
        <OutputMessageType>*</OutputMessageType>
        <PluginName>Workflow Connector</PluginName>
        <CheckinComment>@@@Server: JpadDfcInubitV6lb1.ap-southeast-1.compute.internal@@@Version: 1@@@Export/Deployment: 20.04.2015 23:04:03@@@</CheckinComment>
        <LastUpdate>04.10.2014 14:17:31</LastUpdate>
        <ExportUser>Amway</ExportUser>
        <IsActive>true</IsActive>
        <IsInputConnector>false</IsInputConnector>
        <IsOutputConnector>false</IsOutputConnector>
      </Module>
      <Module>
        <ModuleName>WC-RecordDistributorLo</ModuleName>
        <InputMessageType>*</InputMessageType>
        <OutputMessageType>*</OutputMessageType>
        <PluginName>Workflow Connector</PluginName>
        <CheckinComment>@@@Server: JpadDfcInubitV6lb1.ap-southeast-1.compute.internal@@@Version: 1@@@Export/Deployment: 20.04.2015 23:04:03@@@</CheckinComment>
        <LastUpdate>04.10.2014 14:18:19</LastUpdate>
        <ExportUser>Amway</ExportUser>
        <IsActive>true</IsActive>
        <IsInputConnector>false</IsInputConnector>
        <IsOutputConnector>false</IsOutputConnector>
      </Module>
      <Module>
        <ModuleName>WC-RecordDistributorMed</ModuleName>
        <InputMessageType>*</InputMessageType>
        <OutputMessageType>*</OutputMessageType>
        <PluginName>Workflow Connector</PluginName>
        <CheckinComment>@@@Server: JpadDfcInubitV6lb1.ap-southeast-1.compute.internal@@@Version: 1@@@Export/Deployment: 20.04.2015 23:04:03@@@</CheckinComment>
        <LastUpdate>04.10.2014 14:18:50</LastUpdate>
        <ExportUser>Amway</ExportUser>
        <IsActive>true</IsActive>
        <IsInputConnector>false</IsInputConnector>
        <IsOutputConnector>false</IsOutputConnector>
      </Module>
      <Module>
        <ModuleName>WC-SQLConn1</ModuleName>
        <InputMessageType>*</InputMessageType>
        <OutputMessageType>*</OutputMessageType>
        <PluginName>Workflow Connector</PluginName>
        <CheckinComment>@@@Server: JpadDfcInubitV6lb1.ap-southeast-1.compute.internal@@@Version: 1@@@Export/Deployment: 20.04.2015 23:04:03@@@</CheckinComment>
        <LastUpdate>12.03.2015 15:38:35</LastUpdate>
        <ExportUser>Amway</ExportUser>
        <IsActive>true</IsActive>
        <IsInputConnector>false</IsInputConnector>
        <IsOutputConnector>false</IsOutputConnector>
        <ErrorSuppression>true</ErrorSuppression>
      </Module>
      <Module>
        <ModuleName>WC-TimeLogger1</ModuleName>
        <InputMessageType>*</InputMessageType>
        <OutputMessageType>*</OutputMessageType>
        <PluginName>Workflow Connector</PluginName>
        <CheckinComment>@@@Server: JpadDfcInubitV6lb1.ap-southeast-1.compute.internal@@@Version: 1@@@Export/Deployment: 20.04.2015 23:04:03@@@</CheckinComment>
        <LastUpdate>27.02.2015 11:37:43</LastUpdate>
        <ExportUser>Amway</ExportUser>
        <IsActive>true</IsActive>
        <IsInputConnector>false</IsInputConnector>
        <IsOutputConnector>false</IsOutputConnector>
        <ErrorSuppression>true</ErrorSuppression>
      </Module>
      <Module>
        <ModuleName>WC-UpdBuffData</ModuleName>
        <InputMessageType>*</InputMessageType>
        <OutputMessageType>*</OutputMessageType>
        <PluginName>Workflow Connector</PluginName>
        <CheckinComment>@@@Server: JpadDfcInubitV6lb1.ap-southeast-1.compute.internal@@@Version: 1@@@Export/Deployment: 20.04.2015 23:04:03@@@</CheckinComment>
        <LastUpdate>08.04.2015 11:01:13</LastUpdate>
        <ExportUser>Amway</ExportUser>
        <IsActive>true</IsActive>
        <IsInputConnector>false</IsInputConnector>
        <IsOutputConnector>false</IsOutputConnector>
        <ErrorSuppression>true</ErrorSuppression>
      </Module>
    </ModuleGroup>
  </Modules>
</IBISWorkflow>
