<?xml version='1.0' encoding='UTF-8'?>

<Properties version="4.1">
	<Property name="ErrorSuppression" type="Boolean">true</Property>
	<Property name="xslt.base64Zipped">true</Property>
	<Property name="xslt.ignoreInput">false</Property>
	<Property name="xslt.params" type="List">
		<Property name="varToken">varToken</Property>
	</Property>
	<Property name="xslt.saveAtServer">true</Property>
	<Property name="xslt.source">&lt;?xml version="1.0" encoding="UTF-8"?>
&lt;Row xmlns:xsi="http://www.w3.org/2001/XMLSchema-instance">&lt;Column>&lt;Name>DFA4NB&lt;/Name>&lt;Value>1&lt;/Value>&lt;/Column>&lt;Column>&lt;Name>DFAFCD&lt;/Name>&lt;Value>OORDDTA&lt;/Value>&lt;/Column>&lt;Column>&lt;Name>DFFNTX&lt;/Name>&lt;Value>0064214017√008233√TTD√D√011409√011409√01140923√00000000√08      √35      √000001010335√35      √000001010335√ √000000000000√0000√070√0001√000003009994√000001010335√0001√0000000087970.00√0000000087430.00√0000000000000.00√0000000000000.00√0000000000540.00√0000000000000.00√0000000000000.00√0000000000000.00√0000000000000.00√0000000000000.00√0000000000000.00√0000000000000.00√0000000000000.00√0000000087430.00√0000000062900.00√000000001.00√U10√D√N√011409√00000000√0000000√0000000√01140924√00060381√0003√K√001√000000√000000√N√Y√N√C√P√Y√Y√N√N√ √Y√Y√Y√00000000√0000000√N√00000000√     √80905812064√N√N√0064214017√0064214017√0064214017√0064214017√0064214017√0165310√AJ83728   √0000000000000.00√   √   √   √&lt;/Value>&lt;/Column>&lt;Column>&lt;Name>DFACST&lt;/Name>&lt;Value>U&lt;/Value>&lt;/Column>&lt;Column>&lt;Name>DFADST&lt;/Name>&lt;Value>1&lt;/Value>&lt;/Column>&lt;Column>&lt;Name>DFEGTX&lt;/Name>&lt;Value>2015-02-05-13.55.13.539000&lt;/Value>&lt;/Column>&lt;Column>&lt;Name>DFA9ST&lt;/Name>&lt;Value>YY&lt;/Value>&lt;/Column>&lt;Column>&lt;Name>DFBGST&lt;/Name>&lt;Value>2&lt;/Value>&lt;/Column>&lt;Column>&lt;Name>DFBJNB&lt;/Name>&lt;Value>1&lt;/Value>&lt;/Column>&lt;Column>&lt;Name>BFTBNM&lt;/Name>&lt;Value>XDFCBUFH1&lt;/Value>&lt;/Column>&lt;Column>&lt;Name>FLDSEP&lt;/Name>&lt;Value>√&lt;/Value>&lt;/Column>&lt;/Row></Property>
	<Property name="xslt.sourceVariables" type="Map">
		<Property name="ISCurrentTime">1423126732843</Property>
		<Property name="ISWorkflowName">Kor-Stg-NProcessBufferData</Property>
		<Property name="ISModuleName">InitProcessing</Property>
		<Property name="ISModuleId">2133716519</Property>
		<Property name="ISProcessId">190039</Property>
		<Property name="ISUserName">Amway</Property>
		<Property name="ISServerName">jpwl314</Property>
		<Property name="ISGlobalProcessId">190039</Property>
		<Property name="ISInvokingWorkflow">Kor-Stg-RecordDistributor</Property>
		<Property name="ISInvokingModule">WC-ProcBufData1</Property>
		<Property name="varBufBatPickupTime">2015-02-05 17:58:52.735</Property>
		<Property name="varFieldValueTags" type="XmlDocument">&lt;?xml version="1.0" encoding="UTF-8"?>
&lt;is:anyElement xmlns:is="http://inubit.com/variables/types">&amp;lt;FieldValues&amp;gt;&amp;lt;/FieldValues&amp;gt;&lt;/is:anyElement></Property>
		<Property name="varTableName">OORDDTA</Property>
		<Property name="varBufRow" type="XmlDocument">&lt;?xml version="1.0" encoding="UTF-8"?>
&lt;Row xmlns:xsi="http://www.w3.org/2001/XMLSchema-instance">&lt;Column>&lt;Name>DFA4NB&lt;/Name>&lt;Value>1&lt;/Value>&lt;/Column>&lt;Column>&lt;Name>DFAFCD&lt;/Name>&lt;Value>OORDDTA&lt;/Value>&lt;/Column>&lt;Column>&lt;Name>DFFNTX&lt;/Name>&lt;Value>0064214017√008233√TTD√D√011409√011409√01140923√00000000√08      √35      √000001010335√35      √000001010335√ √000000000000√0000√070√0001√000003009994√000001010335√0001√0000000087970.00√0000000087430.00√0000000000000.00√0000000000000.00√0000000000540.00√0000000000000.00√0000000000000.00√0000000000000.00√0000000000000.00√0000000000000.00√0000000000000.00√0000000000000.00√0000000000000.00√0000000087430.00√0000000062900.00√000000001.00√U10√D√N√011409√00000000√0000000√0000000√01140924√00060381√0003√K√001√000000√000000√N√Y√N√C√P√Y√Y√N√N√ √Y√Y√Y√00000000√0000000√N√00000000√     √80905812064√N√N√0064214017√0064214017√0064214017√0064214017√0064214017√0165310√AJ83728   √0000000000000.00√   √   √   √&lt;/Value>&lt;/Column>&lt;Column>&lt;Name>DFACST&lt;/Name>&lt;Value>U&lt;/Value>&lt;/Column>&lt;Column>&lt;Name>DFADST&lt;/Name>&lt;Value>1&lt;/Value>&lt;/Column>&lt;Column>&lt;Name>DFEGTX&lt;/Name>&lt;Value>2015-02-05-13.55.13.539000&lt;/Value>&lt;/Column>&lt;Column>&lt;Name>DFA9ST&lt;/Name>&lt;Value>YY&lt;/Value>&lt;/Column>&lt;Column>&lt;Name>DFBGST&lt;/Name>&lt;Value>2&lt;/Value>&lt;/Column>&lt;Column>&lt;Name>DFBJNB&lt;/Name>&lt;Value>1&lt;/Value>&lt;/Column>&lt;Column>&lt;Name>BFTBNM&lt;/Name>&lt;Value>XDFCBUFH1&lt;/Value>&lt;/Column>&lt;Column>&lt;Name>FLDSEP&lt;/Name>&lt;Value>√&lt;/Value>&lt;/Column>&lt;/Row></Property>
		<Property name="varToken">√</Property>
	</Property>
	<Property name="xslt.stylesheet" type="XmlDocument">&lt;?xml version="1.0" encoding="UTF-8"?>
&lt;xsl:stylesheet xmlns:xsl="http://www.w3.org/1999/XSL/Transform" xmlns:xs="http://www.w3.org/2001/XMLSchema" xmlns:xsi="http://www.w3.org/2001/XMLSchema-instance" xmlns:fn="http://www.w3.org/2005/xpath-functions" exclude-result-prefixes="xs" version="2.0">
  &lt;xsl:output method="xml" encoding="UTF-8"/>&lt;xsl:param name="varToken">Ð&lt;/xsl:param>
  &lt;xsl:template match="/">&lt;FieldValues>&lt;xsl:for-each select="fn:tokenize(fn:substring(/Row/Column[3]/Value/text(), 1, fn:string-length(/Row/Column[3]/Value/text())-1), /Row/Column[Name='FLDSEP']/Value/text())">&lt;fieldValue>&lt;xsl:value-of select="."/>&lt;/fieldValue>&lt;/xsl:for-each>&lt;/FieldValues>
  &lt;/xsl:template>
&lt;/xsl:stylesheet></Property>
	<Property name="xslt.target">&lt;?xml version="1.0" encoding="UTF-8"?>
</Property>
	<Property name="xslt.transformer">net.sf.saxon.TransformerFactoryImpl</Property>
</Properties>