<?xml version='1.0' encoding='UTF-8'?>

<Properties version="4.1">
	<Property name="xslt.ignoreInput">false</Property>
	<Property name="xslt.params" type="List">
		<Property name="varCounter">varCounter</Property>
		<Property name="RequestXML">RequestXML</Property>
	</Property>
	<Property name="xslt.transformer">net.sf.saxon.TransformerFactoryImpl</Property>
	<Property name="xslt.base64Zipped">true</Property>
	<Property name="xslt.stylesheet" type="XmlDocument">&lt;?xml version="1.0" encoding="UTF-8"?>
&lt;xsl:stylesheet xmlns:xsl="http://www.w3.org/1999/XSL/Transform" xmlns:xs="http://www.w3.org/2001/XMLSchema" xmlns:xsi="http://www.w3.org/2001/XMLSchema-instance" exclude-result-prefixes="xs" version="2.0">
  &lt;xsl:output method="xml" encoding="UTF-8"/>&lt;xsl:param name="varCounter" as="xs:integer">1&lt;/xsl:param>&lt;xsl:param name="RequestXML" as="element()">&lt;call>&lt;value null="true"/>&lt;value null="true"/>&lt;value null="true"/>&lt;value null="true"/>&lt;ReturnedResultSets>&lt;ResultSet>&lt;Row>&lt;Column>&lt;Name>DFA4NB&lt;/Name>&lt;Value>55969&lt;/Value>&lt;/Column>&lt;Column>&lt;Name>DFADCD&lt;/Name>&lt;Value>DFC&lt;/Value>&lt;/Column>&lt;Column>&lt;Name>DFAECD&lt;/Name>&lt;Value>OHD&lt;/Value>&lt;/Column>&lt;Column>&lt;Name>DFAFCD&lt;/Name>&lt;Value>OORDDTA&lt;/Value>&lt;/Column>&lt;Column>&lt;Name>DFAHTX&lt;/Name>&lt;Value>125866448Ð&lt;/Value>&lt;/Column>&lt;Column>&lt;Name>DFEHTX&lt;/Name>&lt;Value>180&lt;/Value>&lt;/Column>&lt;Column>&lt;Name>DFEJTX&lt;/Name>&lt;Value>180&lt;/Value>&lt;/Column>&lt;Column>&lt;Name>DFFNTX&lt;/Name>&lt;Value>0125866448Ð085305ÐFXDÐDÐ011407Ð011406Ð01140701Ð01140701Ð09      Ð09      Ð000006217479Ð09      Ð000007132840Ð Ð000000000000Ð0000Ð180Ð0001Ð000006217479Ð000006217479Ð0001Ð0000000000580000Ð0000000000527300Ð0000000000000000Ð0000000000000000Ð0000000000000000Ð0000000000000000Ð0000000000000000Ð0000000000000000Ð0000000000000000Ð0000000000052700Ð0000000000000000Ð0000000000000000Ð0000000000000000Ð0000000000530000Ð0000000000378400Ð000000000023Ð303ÐDÐNÐ011407Ð01140702Ð0000000Ð0000000Ð01140702Ð00084308Ð0000ÐPÐ005Ð000000Ð081016ÐNÐYÐNÐCÐPÐYÐYÐNÐNÐYÐYÐYÐYÐ01140701Ð0182242ÐNÐ01140701Ð     Ð125866448  ÐYÐYÐ0125866239Ð0125866239Ð0125866239Ð0125866448Ð0000000000Ð0181146ÐKR530785  Ð0000000000000000Ð180Ð180Ð   Ð&lt;/Value>&lt;/Column>&lt;Column>&lt;Name>DFACST&lt;/Name>&lt;Value>I&lt;/Value>&lt;/Column>&lt;Column>&lt;Name>DFADST&lt;/Name>&lt;Value>1&lt;/Value>&lt;/Column>&lt;Column>&lt;Name>DFEGTX&lt;/Name>&lt;Value>2014-08-05 18:48:23.068&lt;/Value>&lt;/Column>&lt;Column>&lt;Name>DFABNB&lt;/Name>&lt;Value>1&lt;/Value>&lt;/Column>&lt;Column>&lt;Name>DFAEST&lt;/Name>&lt;Value>A&lt;/Value>&lt;/Column>&lt;Column>&lt;Name>DFA6ST&lt;/Name>&lt;Value/>&lt;/Column>&lt;Column>&lt;Name>DFA7ST&lt;/Name>&lt;Value/>&lt;/Column>&lt;Column>&lt;Name>DFA8ST&lt;/Name>&lt;Value/>&lt;/Column>&lt;Column>&lt;Name>DFBFST&lt;/Name>&lt;Value/>&lt;/Column>&lt;Column>&lt;Name>DFA9ST&lt;/Name>&lt;Value>Y&lt;/Value>&lt;/Column>&lt;Column>&lt;Name>DFBGST&lt;/Name>&lt;Value>1&lt;/Value>&lt;/Column>&lt;Column>&lt;Name>DFBAST&lt;/Name>&lt;Value/>&lt;/Column>&lt;Column>&lt;Name>DFBHST&lt;/Name>&lt;Value/>&lt;/Column>&lt;Column>&lt;Name>DFBBST&lt;/Name>&lt;Value/>&lt;/Column>&lt;Column>&lt;Name>DFBIST&lt;/Name>&lt;Value/>&lt;/Column>&lt;Column>&lt;Name>DFBCST&lt;/Name>&lt;Value/>&lt;/Column>&lt;Column>&lt;Name>DFBJST&lt;/Name>&lt;Value/>&lt;/Column>&lt;Column>&lt;Name>DFBDST&lt;/Name>&lt;Value/>&lt;/Column>&lt;Column>&lt;Name>DFBKST&lt;/Name>&lt;Value/&gt;&lt;/Column>&lt;Column>&lt;Name>DFBEST&lt;/Name>&lt;Value/>&lt;/Column>&lt;Column>&lt;Name>DFBLST&lt;/Name>&lt;Value/>&lt;/Column>&lt;Column>&lt;Name>DFBMST&lt;/Name>&lt;Value/>&lt;/Column>&lt;Column>&lt;Name>DFBOST&lt;/Name>&lt;Value/>&lt;/Column>&lt;Column>&lt;Name>DFBNST&lt;/Name>&lt;Value/>&lt;/Column>&lt;Column>&lt;Name>DFBPST&lt;/Name>&lt;Value/>&lt;/Column>&lt;Column>&lt;Name>DFBJNB&lt;/Name>&lt;Value>1&lt;/Value>&lt;/Column>&lt;Column>&lt;Name>DFBKNB&lt;/Name>&lt;Value>0&lt;/Value>&lt;/Column>&lt;/Row>&lt;Row>&lt;Column>&lt;Name>DFA4NB&lt;/Name>&lt;Value>55969&lt;/Value>&lt;/Column>&lt;Column>&lt;Name>DFADCD&lt;/Name>&lt;Value>DFC&lt;/Value>&lt;/Column>&lt;Column>&lt;Name&gt;DFAECD&lt;/Name>&lt;Value>OHD&lt;/Value>&lt;/Column>&lt;Column>&lt;Name>DFAFCD&lt;/Name>&lt;Value>OORDDTA&lt;/Value>&lt;/Column>&lt;Column>&lt;Name>DFAHTX&lt;/Name>&lt;Value>125866448Ð&lt;/Value>&lt;/Column>&lt;Column>&lt;Name>DFEHTX&lt;/Name>&lt;Value>180&lt;/Value>&lt;/Column>&lt;Column>&lt;Name>DFEJTX&lt;/Name>&lt;Value>180&lt;/Value>&lt;/Column>&lt;Column>&lt;Name>DFFNTX&lt;/Name>&lt;Value>0125866448Ð085305ÐFXDÐDÐ011407Ð011406Ð01140701Ð01140701Ð09      Ð09      Ð000006217479Ð09      Ð000007132840Ð Ð000000000000Ð0000Ð180Ð0001Ð000006217479Ð000006217479Ð0001Ð0000000000580000Ð0000000000527300Ð0000000000000000Ð0000000000000000Ð0000000000000000Ð0000000000000000Ð0000000000000000Ð0000000000000000Ð0000000000000000Ð0000000000052700Ð0000000000000000Ð0000000000000000Ð0000000000000000Ð0000000000530000Ð0000000000378400Ð000000000023Ð303ÐDÐNÐ011407Ð01140702Ð0000000Ð0000000Ð01140702Ð00084308Ð0000ÐPÐ005Ð000000Ð081016ÐNÐYÐNÐCÐPÐYÐYÐNÐNÐYÐYÐYÐYÐ01140701Ð0182242ÐNÐ01140701Ð     Ð125866448  ÐYÐYÐ0125866239Ð0125866239Ð0125866239Ð0125866448Ð0000000000Ð0181146ÐKR530785  Ð0000000000000000Ð180Ð180Ð   Ð&lt;/Value>&lt;/Column>&lt;Column>&lt;Name>DFACST&lt;/Name>&lt;Value>I&lt;/Value>&lt;/Column>&lt;Column>&lt;Name>DFADST&lt;/Name>&lt;Value>1&lt;/Value>&lt;/Column>&lt;Column>&lt;Name>DFEGTX&lt;/Name>&lt;Value>2014-08-05 18:48:23.068&lt;/Value>&lt;/Column>&lt;Column>&lt;Name>DFABNB&lt;/Name>&lt;Value>1&lt;/Value>&lt;/Column>&lt;Column>&lt;Name>DFAEST&lt;/Name>&lt;Value>A&lt;/Value>&lt;/Column>&lt;Column>&lt;Name>DFA6ST&lt;/Name>&lt;Value/>&lt;/Column>&lt;Column>&lt;Name>DFA7ST&lt;/Name>&lt;Value/>&lt;/Column>&lt;Column>&lt;Name>DFA8ST&lt;/Name>&lt;Value/>&lt;/Column>&lt;Column>&lt;Name>DFBFST&lt;/Name>&lt;Value/>&lt;/Column>&lt;Column>&lt;Name>DFA9ST&lt;/Name>&lt;Value>Y&lt;/Value>&lt;/Column>&lt;Column>&lt;Name>DFBGST&lt;/Name>&lt;Value>1&lt;/Value>&lt;/Column>&lt;Column>&lt;Name>DFBAST&lt;/Name>&lt;Value/>&lt;/Column>&lt;Column>&lt;Name>DFBHST&lt;/Name>&lt;Value/>&lt;/Column>&lt;Column>&lt;Name>DFBBST&lt;/Name>&lt;Value/>&lt;/Column>&lt;Column>&lt;Name>DFBIST&lt;/Name>&lt;Value/>&lt;/Column>&lt;Column>&lt;Name>DFBCST&lt;/Name>&lt;Value/>&lt;/Column>&lt;Column>&lt;Name>DFBJST&lt;/Name>&lt;Value/>&lt;/Column>&lt;Column>&lt;Name>DFBDST&lt;/Name>&lt;Value/>&lt;/Column>&lt;Column>&lt;Name>DFBKST&lt;/Name>&lt;Value/>&lt;/Column>&lt;Column>&lt;Name>DFBEST&lt;/Name>&lt;Value/>&lt;/Column>&lt;Column>&lt;Name>DFBLST&lt;/Name>&lt;Value/>&lt;/Column>&lt;Column>&lt;Name>DFBMST&lt;/Name>&lt;Value/>&lt;/Column>&lt;Column>&lt;Name>DFBOST&lt;/Name>&lt;Value/>&lt;/Column>&lt;Column>&lt;Name>DFBNST&lt;/Name>&lt;Value/>&lt;/Column>&lt;Column>&lt;Name>DFBPST&lt;/Name>&lt;Value/>&lt;/Column>&lt;Column>&lt;Name>DFBJNB&lt;/Name>&lt;Value>1&lt;/Value>&lt;/Column>&lt;Column>&lt;Name>DFBKNB&lt;/Name>&lt;Value>0&lt;/Value>&lt;/Column>&lt;/Row>&lt;Row>&lt;Column>&lt;Name>DFA4NB&lt;/Name>&lt;Value>55970&lt;/Value>&lt;/Column>&lt;Column>&lt;Name>DFADCD&lt;/Name>&lt;Value>DFC&lt;/Value>&lt;/Column>&lt;Column>&lt;Name>DFAECD&lt;/Name>&lt;Value>OHD&lt;/Value>&lt;/Column>&lt;Column>&lt;Name>DFAFCD&lt;/Name>&lt;Value>OORDDTA&lt;/Value>&lt;/Column>&lt;Column>&lt;Name>DFAHTX&lt;/Name>&lt;Value>125866453Ð&lt;/Value>&lt;/Column>&lt;Column>&lt;Name>DFEHTX&lt;/Name>&lt;Value>180&lt;/Value>&lt;/Column>&lt;Column>&lt;Name>DFEJTX&lt;/Name>&lt;Value>180&lt;/Value>&lt;/Column>&lt;Column>&lt;Name>DFFNTX&lt;/Name>&lt;Value>0125866453Ð085305ÐFXDÐDÐ011407Ð011406Ð01140701Ð01140701Ð09      Ð09      Ð000006217479Ð09      Ð000006715129Ð Ð000000000000Ð0000Ð180Ð0011Ð000006217479Ð000006217479Ð0001Ð0000000000580000Ð0000000000527300Ð0000000000000000Ð0000000000000000Ð0000000000000000Ð0000000000000000Ð0000000000000000Ð0000000000000000Ð0000000000000000Ð0000000000052700Ð0000000000000000Ð0000000000000000Ð0000000000000000Ð0000000000530000Ð0000000000378400Ð000000000023Ð303ÐDÐNÐ011407Ð01140702Ð0000000Ð0000000Ð01140702Ð00084308Ð0000ÐPÐ005Ð000000Ð081016ÐNÐYÐNÐCÐPÐYÐYÐNÐNÐYÐYÐYÐYÐ01140701Ð0182242ÐNÐ01140701Ð     Ð125866453  ÐYÐYÐ0125866239Ð0125866239Ð0125866239Ð0125866453Ð0000000000Ð0181159ÐKR530785  Ð0000000000000000Ð180Ð180Ð   Ð&lt;/Value>&lt;/Column>&lt;Column>&lt;Name>DFACST&lt;/Name>&lt;Value>I&lt;/Value>&lt;/Column>&lt;Column>&lt;Name>DFADST&lt;/Name>&lt;Value>1&lt;/Value>&lt;/Column>&lt;Column>&lt;Name>DFEGTX&lt;/Name>&lt;Value>2014-08-05 18:48:23.867&lt;/Value>&lt;/Column>&lt;Column>&lt;Name>DFABNB&lt;/Name>&lt;Value>1&lt;/Value>&lt;/Column>&lt;Column>&lt;Name>DFAEST&lt;/Name>&lt;Value>A&lt;/Value>&lt;/Column>&lt;Column>&lt;Name>DFA6ST&lt;/Name>&lt;Value/>&lt;/Column>&lt;Column>&lt;Name>DFA7ST&lt;/Name>&lt;Value/>&lt;/Column>&lt;Column>&lt;Name>DFA8ST&lt;/Name>&lt;Value/>&lt;/Column>&lt;Column>&lt;Name>DFBFST&lt;/Name>&lt;Value/>&lt;/Column>&lt;Column>&lt;Name>DFA9ST&lt;/Name>&lt;Value>Y&lt;/Value>&lt;/Column>&lt;Column>&lt;Name>DFBGST&lt;/Name>&lt;Value>1&lt;/Value>&lt;/Column>&lt;Column>&lt;Name>DFBAST&lt;/Name>&lt;Value/>&lt;/Column>&lt;Column>&lt;Name>DFBHST&lt;/Name>&lt;Value/>&lt;/Column>&lt;Column>&lt;Name>DFBBST&lt;/Name>&lt;Value/>&lt;/Column>&lt;Column>&lt;Name>DFBIST&lt;/Name>&lt;Value/>&lt;/Column>&lt;Column>&lt;Name>DFBCST&lt;/Name>&lt;Value/>&lt;/Column>&lt;Column>&lt;Name>DFBJST&lt;/Name>&lt;Value/>&lt;/Column>&lt;Column>&lt;Name>DFBDST&lt;/Name>&lt;Value/>&lt;/Column>&lt;Column>&lt;Name>DFBKST&lt;/Name>&lt;Value/>&lt;/Column>&lt;Column>&lt;Name>DFBEST&lt;/Name>&lt;Value/>&lt;/Column>&lt;Column>&lt;Name>DFBLST&lt;/Name>&lt;Value/>&lt;/Column>&lt;Column>&lt;Name>DFBMST&lt;/Name>&lt;Value/>&lt;/Column>&lt;Column>&lt;Name>DFBOST&lt;/Name>&lt;Value/>&lt;/Column>&lt;Column>&lt;Name>DFBNST&lt;/Name>&lt;Value/>&lt;/Column>&lt;Column>&lt;Name>DFBPST&lt;/Name>&lt;Value/>&lt;/Column>&lt;Column>&lt;Name>DFBJNB&lt;/Name>&lt;Value>1&lt;/Value>&lt;/Column>&lt;Column>&lt;Name>DFBKNB&lt;/Name>&lt;Value>0&lt;/Value>&lt;/Column>&lt;/Row>&lt;Row>&lt;Column>&lt;Name>DFA4NB&lt;/Name>&lt;Value>55970&lt;/Value>&lt;/Column>&lt;Column>&lt;Name>DFADCD&lt;/Name>&lt;Value>DFC&lt;/Value>&lt;/Column>&lt;Column>&lt;Name>DFAECD&lt;/Name>&lt;Value>OHD&lt;/Value>&lt;/Column>&lt;Column>&lt;Name>DFAFCD&lt;/Name>&lt;Value>OORDDTA&lt;/Value>&lt;/Column>&lt;Column>&lt;Name>DFAHTX&lt;/Name>&lt;Value>125866453Ð&lt;/Value>&lt;/Column>&lt;Column>&lt;Name>DFEHTX&lt;/Name>&lt;Value>180&lt;/Value>&lt;/Column>&lt;Column>&lt;Name>DFEJTX&lt;/Name>&lt;Value>180&lt;/Value>&lt;/Column>&lt;Column>&lt;Name>DFFNTX&lt;/Name>&lt;Value>0125866453Ð085305ÐFXDÐDÐ011407Ð011406Ð01140701Ð01140701Ð09      Ð09      Ð000006217479Ð09      Ð000006715129Ð Ð000000000000Ð0000Ð180Ð0011Ð000006217479Ð000006217479Ð0001Ð0000000000580000Ð0000000000527300Ð0000000000000000Ð0000000000000000Ð0000000000000000Ð0000000000000000Ð0000000000000000Ð0000000000000000Ð0000000000000000Ð0000000000052700Ð0000000000000000Ð0000000000000000Ð0000000000000000Ð0000000000530000Ð0000000000378400Ð000000000023Ð303ÐDÐNÐ011407Ð01140702Ð0000000Ð0000000Ð01140702Ð00084308Ð0000ÐPÐ005Ð000000Ð081016ÐNÐYÐNÐCÐPÐYÐYÐNÐNÐYÐYÐYÐYÐ01140701Ð0182242ÐNÐ01140701Ð     Ð125866453  ÐYÐYÐ0125866239Ð0125866239Ð0125866239Ð0125866453Ð0000000000Ð0181159ÐKR530785  Ð0000000000000000Ð180Ð180Ð   Ð&lt;/Value>&lt;/Column>&lt;Column>&lt;Name>DFACST&lt;/Name>&lt;Value>I&lt;/Value>&lt;/Column>&lt;Column>&lt;Name>DFADST&lt;/Name>&lt;Value>1&lt;/Value>&lt;/Column>&lt;Column>&lt;Name>DFEGTX&lt;/Name>&lt;Value>2014-08-05 18:48:23.867&lt;/Value>&lt;/Column>&lt;Column>&lt;Name>DFABNB&lt;/Name>&lt;Value>1&lt;/Value>&lt;/Column>&lt;Column>&lt;Name>DFAEST&lt;/Name>&lt;Value>A&lt;/Value>&lt;/Column>&lt;Column>&lt;Name>DFA6ST&lt;/Name>&lt;Value/>&lt;/Column>&lt;Column>&lt;Name>DFA7ST&lt;/Name>&lt;Value/>&lt;/Column>&lt;Column>&lt;Name>DFA8ST&lt;/Name>&lt;Value/>&lt;/Column>&lt;Column>&lt;Name>DFBFST&lt;/Name>&lt;Value/>&lt;/Column>&lt;Column>&lt;Name>DFA9ST&lt;/Name>&lt;Value>Y&lt;/Value>&lt;/Column>&lt;Column>&lt;Name>DFBGST&lt;/Name>&lt;Value>1&lt;/Value>&lt;/Column>&lt;Column>&lt;Name>DFBAST&lt;/Name>&lt;Value/>&lt;/Column>&lt;Column>&lt;Name>DFBHST&lt;/Name>&lt;Value/>&lt;/Column>&lt;Column>&lt;Name>DFBBST&lt;/Name>&lt;Value/>&lt;/Column>&lt;Column>&lt;Name>DFBIST&lt;/Name>&lt;Value/>&lt;/Column>&lt;Column>&lt;Name>DFBCST&lt;/Name>&lt;Value/>&lt;/Column>&lt;Column>&lt;Name>DFBJST&lt;/Name>&lt;Value/>&lt;/Column>&lt;Column>&lt;Name>DFBDST&lt;/Name>&lt;Value/>&lt;/Column>&lt;Column>&lt;Name>DFBKST&lt;/Name>&lt;Value/>&lt;/Column>&lt;Column>&lt;Name>DFBEST&lt;/Name>&lt;Value/>&lt;/Column>&lt;Column>&lt;Name>DFBLST&lt;/Name>&lt;Value/>&lt;/Column>&lt;Column>&lt;Name>DFBMST&lt;/Name>&lt;Value/>&lt;/Column>&lt;Column>&lt;Name>DFBOST&lt;/Name>&lt;Value/>&lt;/Column>&lt;Column>&lt;Name>DFBNST&lt;/Name>&lt;Value/>&lt;/Column>&lt;Column>&lt;Name>DFBPST&lt;/Name>&lt;Value/>&lt;/Column>&lt;Column>&lt;Name>DFBJNB&lt;/Name>&lt;Value>1&lt;/Value>&lt;/Column>&lt;Column>&lt;Name>DFBKNB&lt;/Name>&lt;Value>0&lt;/Value>&lt;/Column>&lt;/Row>&lt;Row>&lt;Column>&lt;Name>DFA4NB&lt;/Name>&lt;Value>55971&lt;/Value>&lt;/Column>&lt;Column>&lt;Name>DFADCD&lt;/Name>&lt;Value>DFC&lt;/Value>&lt;/Column>&lt;Column>&lt;Name>DFAECD&lt;/Name>&lt;Value>OHD&lt;/Value>&lt;/Column>&lt;Column>&lt;Name>DFAFCD&lt;/Name>&lt;Value>OORDDTA&lt;/Value>&lt;/Column>&lt;Column>&lt;Name>DFAHTX&lt;/Name>&lt;Value>125866466Ð&lt;/Value>&lt;/Column>&lt;Column>&lt;Name>DFEHTX&lt;/Name>&lt;Value>180&lt;/Value>&lt;/Column>&lt;Column>&lt;Name>DFEJTX&lt;/Name>&lt;Value>180&lt;/Value>&lt;/Column>&lt;Column>&lt;Name>DFFNTX&lt;/Name>&lt;Value>0125866466Ð085305ÐFXDÐDÐ011407Ð011406Ð01140701Ð01140701Ð09      Ð09      Ð000006217479Ð09      Ð000006842915Ð Ð000000000000Ð0000Ð180Ð0001Ð000006217479Ð000006217479Ð0001Ð0000000000580000Ð0000000000527300Ð0000000000000000Ð0000000000000000Ð0000000000000000Ð0000000000000000Ð0000000000000000Ð0000000000000000Ð0000000000000000Ð0000000000052700Ð0000000000000000Ð0000000000000000Ð0000000000000000Ð0000000000530000Ð0000000000378400Ð000000000023Ð303ÐDÐNÐ011407Ð01140702Ð0000000Ð0000000Ð01140702Ð00084308Ð0000ÐPÐ005Ð000000Ð081016ÐNÐYÐNÐCÐPÐYÐYÐNÐNÐYÐYÐYÐYÐ01140701Ð0182242ÐNÐ01140701Ð     Ð125866466  ÐYÐYÐ0125866239Ð0125866239Ð0125866239Ð0125866466Ð0000000000Ð0181219ÐKR530785  Ð0000000000000000Ð180Ð180Ð   Ð&lt;/Value>&lt;/Column>&lt;Column>&lt;Name>DFACST&lt;/Name>&lt;Value>I&lt;/Value>&lt;/Column>&lt;Column>&lt;Name>DFADST&lt;/Name>&lt;Value>1&lt;/Value>&lt;/Column>&lt;Column>&lt;Name>DFEGTX&lt;/Name>&lt;Value>2014-08-05 18:48:24.458&lt;/Value>&lt;/Column>&lt;Column>&lt;Name>DFABNB&lt;/Name>&lt;Value>1&lt;/Value>&lt;/Column>&lt;Column>&lt;Name>DFAEST&lt;/Name>&lt;Value>A&lt;/Value>&lt;/Column>&lt;Column>&lt;Name>DFA6ST&lt;/Name>&lt;Value/>&lt;/Column>&lt;Column>&lt;Name>DFA7ST&lt;/Name>&lt;Value/>&lt;/Column>&lt;Column>&lt;Name>DFA8ST&lt;/Name>&lt;Value/>&lt;/Column>&lt;Column>&lt;Name>DFBFST&lt;/Name>&lt;Value/>&lt;/Column>&lt;Column>&lt;Name>DFA9ST&lt;/Name>&lt;Value>Y&lt;/Value>&lt;/Column>&lt;Column>&lt;Name>DFBGST&lt;/Name>&lt;Value>1&lt;/Value>&lt;/Column>&lt;Column>&lt;Name>DFBAST&lt;/Name>&lt;Value/>&lt;/Column>&lt;Column>&lt;Name>DFBHST&lt;/Name>&lt;Value/>&lt;/Column>&lt;Column>&lt;Name>DFBBST&lt;/Name>&lt;Value/>&lt;/Column>&lt;Column>&lt;Name>DFBIST&lt;/Name>&lt;Value/>&lt;/Column>&lt;Column>&lt;Name>DFBCST&lt;/Name>&lt;Value/>&lt;/Column>&lt;Column>&lt;Name>DFBJST&lt;/Name>&lt;Value/>&lt;/Column>&lt;Column>&lt;Name>DFBDST&lt;/Name>&lt;Value/>&lt;/Column>&lt;Column>&lt;Name>DFBKST&lt;/Name&gt;&lt;Value/>&lt;/Column>&lt;Column>&lt;Name>DFBEST&lt;/Name>&lt;Value/>&lt;/Column>&lt;Column>&lt;Name>DFBLST&lt;/Name>&lt;Value/>&lt;/Column>&lt;Column>&lt;Name>DFBMST&lt;/Name>&lt;Value/>&lt;/Column>&lt;Column>&lt;Name>DFBOST&lt;/Name>&lt;Value/>&lt;/Column>&lt;Column>&lt;Name>DFBNST&lt;/Name>&lt;Value/>&lt;/Column>&lt;Column>&lt;Name>DFBPST&lt;/Name>&lt;Value/>&lt;/Column>&lt;Column>&lt;Name>DFBJNB&lt;/Name>&lt;Value>1&lt;/Value>&lt;/Column>&lt;Column>&lt;Name>DFBKNB&lt;/Name>&lt;Value>0&lt;/Value>&lt;/Column>&lt;/Row>&lt;Row>&lt;Column>&lt;Name>DFA4NB&lt;/Name>&lt;Value>55971&lt;/Value>&lt;/Column>&lt;Column>&lt;Name>DFADCD&lt;/Name>&lt;Value>DFC&lt;/Value>&lt;/Column>&lt;Column>&lt;Name>DFAECD&lt;/Name>&lt;Value>OHD&lt;/Value>&lt;/Column>&lt;Column>&lt;Name>DFAFCD&lt;/Name>&lt;Value>OORDDTA&lt;/Value>&lt;/Column>&lt;Column>&lt;Name>DFAHTX&lt;/Name>&lt;Value>125866466Ð&lt;/Value>&lt;/Column>&lt;Column>&lt;Name>DFEHTX&lt;/Name>&lt;Value>180&lt;/Value>&lt;/Column>&lt;Column>&lt;Name>DFEJTX&lt;/Name>&lt;Value>180&lt;/Value>&lt;/Column>&lt;Column>&lt;Name>DFFNTX&lt;/Name>&lt;Value>0125866466Ð085305ÐFXDÐDÐ011407Ð011406Ð01140701Ð01140701Ð09      Ð09      Ð000006217479Ð09      Ð000006842915Ð Ð000000000000Ð0000Ð180Ð0001Ð000006217479Ð000006217479Ð0001Ð0000000000580000Ð0000000000527300Ð0000000000000000Ð0000000000000000Ð0000000000000000Ð0000000000000000Ð0000000000000000Ð0000000000000000Ð0000000000000000Ð0000000000052700Ð0000000000000000Ð0000000000000000Ð0000000000000000Ð0000000000530000Ð0000000000378400Ð000000000023Ð303ÐDÐNÐ011407Ð01140702Ð0000000Ð0000000Ð01140702Ð00084308Ð0000ÐPÐ005Ð000000Ð081016ÐNÐYÐNÐCÐPÐYÐYÐNÐNÐYÐYÐYÐYÐ01140701Ð0182242ÐNÐ01140701Ð     Ð125866466  ÐYÐYÐ0125866239Ð0125866239Ð0125866239Ð0125866466Ð0000000000Ð0181219ÐKR530785  Ð0000000000000000Ð180Ð180Ð   Ð&lt;/Value>&lt;/Column>&lt;Column>&lt;Name>DFACST&lt;/Name>&lt;Value>I&lt;/Value>&lt;/Column>&lt;Column>&lt;Name>DFADST&lt;/Name>&lt;Value>1&lt;/Value>&lt;/Column>&lt;Column>&lt;Name>DFEGTX&lt;/Name>&lt;Value>2014-08-05 18:48:24.458&lt;/Value>&lt;/Column>&lt;Column>&lt;Name>DFABNB&lt;/Name>&lt;Value>1&lt;/Value>&lt;/Column>&lt;Column>&lt;Name>DFAEST&lt;/Name>&lt;Value>A&lt;/Value>&lt;/Column>&lt;Column>&lt;Name>DFA6ST&lt;/Name>&lt;Value/>&lt;/Column>&lt;Column>&lt;Name>DFA7ST&lt;/Name>&lt;Value/>&lt;/Column>&lt;Column>&lt;Name>DFA8ST&lt;/Name>&lt;Value/>&lt;/Column>&lt;Column>&lt;Name>DFBFST&lt;/Name>&lt;Value/>&lt;/Column>&lt;Column>&lt;Name>DFA9ST&lt;/Name>&lt;Value>Y&lt;/Value>&lt;/Column>&lt;Column>&lt;Name>DFBGST&lt;/Name>&lt;Value>1&lt;/Value>&lt;/Column>&lt;Column>&lt;Name>DFBAST&lt;/Name>&lt;Value/>&lt;/Column>&lt;Column>&lt;Name>DFBHST&lt;/Name>&lt;Value/>&lt;/Column>&lt;Column>&lt;Name>DFBBST&lt;/Name>&lt;Value/>&lt;/Column>&lt;Column>&lt;Name>DFBIST&lt;/Name>&lt;Value/>&lt;/Column>&lt;Column>&lt;Name>DFBCST&lt;/Name>&lt;Value/>&lt;/Column>&lt;Column>&lt;Name>DFBJST&lt;/Name>&lt;Value/>&lt;/Column>&lt;Column>&lt;Name>DFBDST&lt;/Name>&lt;Value/>&lt;/Column>&lt;Column>&lt;Name>DFBKST&lt;/Name>&lt;Value/>&lt;/Column>&lt;Column>&lt;Name>DFBEST&lt;/Name>&lt;Value/>&lt;/Column>&lt;Column>&lt;Name>DFBLST&lt;/Name>&lt;Value/>&lt;/Column>&lt;Column>&lt;Name>DFBMST&lt;/Name>&lt;Value/>&lt;/Column>&lt;Column>&lt;Name>DFBOST&lt;/Name>&lt;Value/>&lt;/Column>&lt;Column>&lt;Name>DFBNST&lt;/Name>&lt;Value/>&lt;/Column>&lt;Column>&lt;Name>DFBPST&lt;/Name>&lt;Value/>&lt;/Column>&lt;Column>&lt;Name>DFBJNB&lt;/Name>&lt;Value>1&lt;/Value>&lt;/Column>&lt;Column>&lt;Name>DFBKNB&lt;/Name>&lt;Value>0&lt;/Value>&lt;/Column>&lt;/Row>&lt;Row>&lt;Column>&lt;Name>DFA4NB&lt;/Name>&lt;Value>55972&lt;/Value>&lt;/Column>&lt;Column>&lt;Name>DFADCD&lt;/Name>&lt;Value>DFC&lt;/Value>&lt;/Column>&lt;Column>&lt;Name>DFAECD&lt;/Name>&lt;Value>OHD&lt;/Value>&lt;/Column>&lt;Column>&lt;Name>DFAFCD&lt;/Name>&lt;Value>OORDDTA&lt;/Value>&lt;/Column>&lt;Column>&lt;Name>DFAHTX&lt;/Name>&lt;Value>125866477Ð&lt;/Value>&lt;/Column>&lt;Column>&lt;Name>DFEHTX&lt;/Name>&lt;Value>180&lt;/Value>&lt;/Column>&lt;Column>&lt;Name>DFEJTX&lt;/Name>&lt;Value>180&lt;/Value>&lt;/Column>&lt;Column>&lt;Name>DFFNTX&lt;/Name>&lt;Value>0125866477Ð085305ÐFXDÐDÐ011407Ð011406Ð01140701Ð01140701Ð09      Ð09      Ð000006217479Ð09      Ð000007148983Ð Ð000000000000Ð0000Ð180Ð0001Ð000006217479Ð000006217479Ð0001Ð0000000000580000Ð0000000000527300Ð0000000000000000Ð0000000000000000Ð0000000000000000Ð0000000000000000Ð0000000000000000Ð0000000000000000Ð0000000000000000Ð0000000000052700Ð0000000000000000Ð0000000000000000Ð0000000000000000Ð0000000000530000Ð0000000000378400Ð000000000023Ð303ÐDÐNÐ011407Ð01140702Ð0000000Ð0000000Ð01140702Ð00084308Ð0000ÐPÐ005Ð000000Ð081016ÐNÐYÐNÐCÐPÐYÐYÐNÐNÐYÐYÐYÐYÐ01140701Ð0182242ÐNÐ01140701Ð     Ð125866477  ÐYÐYÐ0125866239Ð0125866239Ð0125866239Ð0125866477Ð0000000000Ð0181233ÐKR530785  Ð0000000000000000Ð180Ð180Ð   Ð&lt;/Value>&lt;/Column>&lt;Column>&lt;Name>DFACST&lt;/Name>&lt;Value>I&lt;/Value>&lt;/Column>&lt;Column>&lt;Name>DFADST&lt;/Name>&lt;Value>1&lt;/Value>&lt;/Column>&lt;Column>&lt;Name>DFEGTX&lt;/Name>&lt;Value>2014-08-05 18:48:25.148&lt;/Value>&lt;/Column>&lt;Column>&lt;Name>DFABNB&lt;/Name>&lt;Value>1&lt;/Value>&lt;/Column>&lt;Column>&lt;Name>DFAEST&lt;/Name>&lt;Value>A&lt;/Value>&lt;/Column>&lt;Column>&lt;Name>DFA6ST&lt;/Name>&lt;Value/>&lt;/Column>&lt;Column>&lt;Name>DFA7ST&lt;/Name>&lt;Value/>&lt;/Column>&lt;Column>&lt;Name>DFA8ST&lt;/Name>&lt;Value/>&lt;/Column>&lt;Column>&lt;Name>DFBFST&lt;/Name>&lt;Value/>&lt;/Column>&lt;Column>&lt;Name>DFA9ST&lt;/Name>&lt;Value>Y&lt;/Value>&lt;/Column>&lt;Column>&lt;Name>DFBGST&lt;/Name>&lt;Value>1&lt;/Value>&lt;/Column>&lt;Column>&lt;Name>DFBAST&lt;/Name>&lt;Value/>&lt;/Column>&lt;Column>&lt;Name>DFBHST&lt;/Name>&lt;Value/>&lt;/Column>&lt;Column>&lt;Name>DFBBST&lt;/Name>&lt;Value/>&lt;/Column>&lt;Column>&lt;Name>DFBIST&lt;/Name>&lt;Value/>&lt;/Column>&lt;Column>&lt;Name>DFBCST&lt;/Name>&lt;Value/>&lt;/Column>&lt;Column>&lt;Name>DFBJST&lt;/Name>&lt;Value/>&lt;/Column>&lt;Column>&lt;Name>DFBDST&lt;/Name>&lt;Value/>&lt;/Column>&lt;Column>&lt;Name>DFBKST&lt;/Name>&lt;Value/>&lt;/Column>&lt;Column>&lt;Name>DFBEST&lt;/Name>&lt;Value/>&lt;/Column>&lt;Column>&lt;Name>DFBLST&lt;/Name>&lt;Value/>&lt;/Column>&lt;Column>&lt;Name>DFBMST&lt;/Name>&lt;Value/>&lt;/Column>&lt;Column>&lt;Name>DFBOST&lt;/Name>&lt;Value/>&lt;/Column>&lt;Column>&lt;Name>DFBNST&lt;/Name>&lt;Value/>&lt;/Column>&lt;Column>&lt;Name>DFBPST&lt;/Name>&lt;Value/>&lt;/Column>&lt;Column>&lt;Name>DFBJNB&lt;/Name>&lt;Value>1&lt;/Value>&lt;/Column>&lt;Column>&lt;Name>DFBKNB&lt;/Name>&lt;Value>0&lt;/Value>&lt;/Column>&lt;/Row>&lt;Row>&lt;Column>&lt;Name>DFA4NB&lt;/Name>&lt;Value>55972&lt;/Value>&lt;/Column>&lt;Column>&lt;Name>DFADCD&lt;/Name>&lt;Value>DFC&lt;/Value>&lt;/Column>&lt;Column>&lt;Name>DFAECD&lt;/Name>&lt;Value>OHD&lt;/Value>&lt;/Column>&lt;Column>&lt;Name>DFAFCD&lt;/Name>&lt;Value>OORDDTA&lt;/Value>&lt;/Column>&lt;Column>&lt;Name>DFAHTX&lt;/Name>&lt;Value>125866477Ð&lt;/Value>&lt;/Column>&lt;Column>&lt;Name>DFEHTX&lt;/Name>&lt;Value>180&lt;/Value>&lt;/Column>&lt;Column>&lt;Name>DFEJTX&lt;/Name>&lt;Value>180&lt;/Value>&lt;/Column>&lt;Column>&lt;Name>DFFNTX&lt;/Name>&lt;Value>0125866477Ð085305ÐFXDÐDÐ011407Ð011406Ð01140701Ð01140701Ð09      Ð09      Ð000006217479Ð09      Ð000007148983Ð Ð000000000000Ð0000Ð180Ð0001Ð000006217479Ð000006217479Ð0001Ð0000000000580000Ð0000000000527300Ð0000000000000000Ð0000000000000000Ð0000000000000000Ð0000000000000000Ð0000000000000000Ð0000000000000000Ð0000000000000000Ð0000000000052700Ð0000000000000000Ð0000000000000000Ð0000000000000000Ð0000000000530000Ð0000000000378400Ð000000000023Ð303ÐDÐNÐ011407Ð01140702Ð0000000Ð0000000Ð01140702Ð00084308Ð0000ÐPÐ005Ð000000Ð081016ÐNÐYÐNÐCÐPÐYÐYÐNÐNÐYÐYÐYÐYÐ01140701Ð0182242ÐNÐ01140701Ð     Ð125866477  ÐYÐYÐ0125866239Ð0125866239Ð0125866239Ð0125866477Ð0000000000Ð0181233ÐKR530785  Ð0000000000000000Ð180Ð180Ð   Ð&lt;/Value>&lt;/Column>&lt;Column>&lt;Name>DFACST&lt;/Name>&lt;Value>I&lt;/Value>&lt;/Column>&lt;Column>&lt;Name>DFADST&lt;/Name>&lt;Value>1&lt;/Value>&lt;/Column>&lt;Column>&lt;Name>DFEGTX&lt;/Name>&lt;Value>2014-08-05 18:48:25.148&lt;/Value>&lt;/Column>&lt;Column>&lt;Name>DFABNB&lt;/Name>&lt;Value>1&lt;/Value>&lt;/Column>&lt;Column>&lt;Name>DFAEST&lt;/Name>&lt;Value>A&lt;/Value>&lt;/Column>&lt;Column>&lt;Name>DFA6ST&lt;/Name>&lt;Value/>&lt;/Column>&lt;Column>&lt;Name>DFA7ST&lt;/Name>&lt;Value/>&lt;/Column>&lt;Column>&lt;Name>DFA8ST&lt;/Name>&lt;Value/>&lt;/Column>&lt;Column>&lt;Name>DFBFST&lt;/Name>&lt;Value/>&lt;/Column>&lt;Column>&lt;Name>DFA9ST&lt;/Name>&lt;Value>Y&lt;/Value>&lt;/Column>&lt;Column>&lt;Name>DFBGST&lt;/Name>&lt;Value>1&lt;/Value>&lt;/Column>&lt;Column>&lt;Name>DFBAST&lt;/Name>&lt;Value/>&lt;/Column>&lt;Column>&lt;Name>DFBHST&lt;/Name>&lt;Value/>&lt;/Column>&lt;Column>&lt;Name>DFBBST&lt;/Name>&lt;Value/>&lt;/Column>&lt;Column>&lt;Name>DFBIST&lt;/Name>&lt;Value/>&lt;/Column>&lt;Column>&lt;Name>DFBCST&lt;/Name>&lt;Value/>&lt;/Column>&lt;Column>&lt;Name>DFBJST&lt;/Name>&lt;Value/>&lt;/Column>&lt;Column>&lt;Name>DFBDST&lt;/Name>&lt;Value/>&lt;/Column>&lt;Column>&lt;Name>DFBKST&lt;/Name>&lt;Value/>&lt;/Column>&lt;Column>&lt;Name>DFBEST&lt;/Name>&lt;Value/>&lt;/Column>&lt;Column>&lt;Name>DFBLST&lt;/Name>&lt;Value/>&lt;/Column>&lt;Column>&lt;Name>DFBMST&lt;/Name>&lt;Value/>&lt;/Column>&lt;Column>&lt;Name>DFBOST&lt;/Name>&lt;Value/>&lt;/Column>&lt;Column>&lt;Name>DFBNST&lt;/Name>&lt;Value/>&lt;/Column>&lt;Column>&lt;Name>DFBPST&lt;/Name>&lt;Value/>&lt;/Column>&lt;Column>&lt;Name>DFBJNB&lt;/Name>&lt;Value>1&lt;/Value>&lt;/Column>&lt;Column>&lt;Name>DFBKNB&lt;/Name>&lt;Value>0&lt;/Value>&lt;/Column>&lt;/Row>&lt;Row>&lt;Column>&lt;Name>DFA4NB&lt;/Name>&lt;Value>55973&lt;/Value>&lt;/Column>&lt;Column>&lt;Name>DFADCD&lt;/Name>&lt;Value>DFC&lt;/Value>&lt;/Column>&lt;Column>&lt;Name>DFAECD&lt;/Name>&lt;Value>OHD&lt;/Value>&lt;/Column>&lt;Column>&lt;Name>DFAFCD&lt;/Name>&lt;Value>OORDDTA&lt;/Value>&lt;/Column>&lt;Column>&lt;Name>DFAHTX&lt;/Name>&lt;Value>125866487Ð&lt;/Value>&lt;/Column>&lt;Column>&lt;Name>DFEHTX&lt;/Name>&lt;Value>180&lt;/Value>&lt;/Column>&lt;Column>&lt;Name>DFEJTX&lt;/Name>&lt;Value>180&lt;/Value>&lt;/Column>&lt;Column>&lt;Name>DFFNTX&lt;/Name>&lt;Value>0125866487Ð085305ÐFXDÐDÐ011407Ð011406Ð01140701Ð01140701Ð09      Ð09      Ð000006217479Ð09      Ð000000206851Ð Ð000000000000Ð0000Ð180Ð0001Ð000006217479Ð000006217479Ð0001Ð0000000000580000Ð0000000000527300Ð0000000000000000Ð0000000000000000Ð0000000000000000Ð0000000000000000Ð0000000000000000Ð0000000000000000Ð0000000000000000Ð0000000000052700Ð0000000000000000Ð0000000000000000Ð0000000000000000Ð0000000000530000Ð0000000000378400Ð000000000023Ð303ÐDÐNÐ011407Ð01140702Ð0000000Ð0000000Ð01140702Ð00084308Ð0000ÐPÐ005Ð000000Ð081016ÐNÐYÐNÐCÐPÐYÐYÐNÐNÐYÐYÐYÐYÐ01140701Ð0182242ÐNÐ01140701Ð     Ð125866487  ÐYÐYÐ0125866239Ð0125866239Ð0125866239Ð0125866487Ð0000000000Ð0181250ÐKR530785  Ð0000000000000000Ð180Ð180Ð   Ð&lt;/Value>&lt;/Column>&lt;Column>&lt;Name>DFACST&lt;/Name>&lt;Value>I&lt;/Value>&lt;/Column>&lt;Column>&lt;Name>DFADST&lt;/Name>&lt;Value>1&lt;/Value>&lt;/Column>&lt;Column>&lt;Name>DFEGTX&lt;/Name>&lt;Value>2014-08-05 18:48:25.770&lt;/Value>&lt;/Column>&lt;Column>&lt;Name>DFABNB&lt;/Name>&lt;Value>1&lt;/Value>&lt;/Column>&lt;Column>&lt;Name>DFAEST&lt;/Name>&lt;Value>A&lt;/Value>&lt;/Column>&lt;Column>&lt;Name>DFA6ST&lt;/Name>&lt;Value/>&lt;/Column>&lt;Column>&lt;Name>DFA7ST&lt;/Name>&lt;Value/>&lt;/Column>&lt;Column>&lt;Name>DFA8ST&lt;/Name>&lt;Value/>&lt;/Column>&lt;Column>&lt;Name>DFBFST&lt;/Name>&lt;Value/>&lt;/Column>&lt;Column>&lt;Name>DFA9ST&lt;/Name>&lt;Value>Y&lt;/Value>&lt;/Column>&lt;Column>&lt;Name>DFBGST&lt;/Name>&lt;Value>1&lt;/Value>&lt;/Column>&lt;Column>&lt;Name>DFBAST&lt;/Name>&lt;Value/>&lt;/Column>&lt;Column>&lt;Name>DFBHST&lt;/Name>&lt;Value/>&lt;/Column>&lt;Column>&lt;Name>DFBBST&lt;/Name>&lt;Value/>&lt;/Column>&lt;Column>&lt;Name>DFBIST&lt;/Name>&lt;Value/>&lt;/Column>&lt;Column>&lt;Name>DFBCST&lt;/Name>&lt;Value/>&lt;/Column>&lt;Column>&lt;Name>DFBJST&lt;/Name>&lt;Value/>&lt;/Column>&lt;Column>&lt;Name>DFBDST&lt;/Name>&lt;Value/>&lt;/Column>&lt;Column>&lt;Name>DFBKST&lt;/Name>&lt;Value/>&lt;/Column>&lt;Column>&lt;Name>DFBEST&lt;/Name>&lt;Value/>&lt;/Column>&lt;Column>&lt;Name>DFBLST&lt;/Name>&lt;Value/>&lt;/Column>&lt;Column>&lt;Name>DFBMST&lt;/Name>&lt;Value/>&lt;/Column>&lt;Column>&lt;Name>DFBOST&lt;/Name>&lt;Value/>&lt;/Column>&lt;Column>&lt;Name>DFBNST&lt;/Name>&lt;Value/>&lt;/Column>&lt;Column>&lt;Name>DFBPST&lt;/Name>&lt;Value/>&lt;/Column>&lt;Column>&lt;Name>DFBJNB&lt;/Name>&lt;Value>1&lt;/Value>&lt;/Column>&lt;Column>&lt;Name>DFBKNB&lt;/Name>&lt;Value>0&lt;/Value>&lt;/Column>&lt;/Row>&lt;Row>&lt;Column>&lt;Name>DFA4NB&lt;/Name>&lt;Value>55973&lt;/Value>&lt;/Column>&lt;Column>&lt;Name>DFADCD&lt;/Name>&lt;Value>DFC&lt;/Value>&lt;/Column>&lt;Column>&lt;Name>DFAECD&lt;/Name>&lt;Value>OHD&lt;/Value>&lt;/Column>&lt;Column>&lt;Name>DFAFCD&lt;/Name>&lt;Value>OORDDTA&lt;/Value>&lt;/Column>&lt;Column>&lt;Name>DFAHTX&lt;/Name>&lt;Value>125866487Ð&lt;/Value>&lt;/Column>&lt;Column>&lt;Name>DFEHTX&lt;/Name>&lt;Value>180&lt;/Value>&lt;/Column>&lt;Column>&lt;Name>DFEJTX&lt;/Name>&lt;Value>180&lt;/Value>&lt;/Column>&lt;Column>&lt;Name>DFFNTX&lt;/Name>&lt;Value>0125866487Ð085305ÐFXDÐDÐ011407Ð011406Ð01140701Ð01140701Ð09      Ð09      Ð000006217479Ð09      Ð000000206851Ð Ð000000000000Ð0000Ð180Ð0001Ð000006217479Ð000006217479Ð0001Ð0000000000580000Ð0000000000527300Ð0000000000000000Ð0000000000000000Ð0000000000000000Ð0000000000000000Ð0000000000000000Ð0000000000000000Ð0000000000000000Ð0000000000052700Ð0000000000000000Ð0000000000000000Ð0000000000000000Ð0000000000530000Ð0000000000378400Ð000000000023Ð303ÐDÐNÐ011407Ð01140702Ð0000000Ð0000000Ð01140702Ð00084308Ð0000ÐPÐ005Ð000000Ð081016ÐNÐYÐNÐCÐPÐYÐYÐNÐNÐYÐYÐYÐYÐ01140701Ð0182242ÐNÐ01140701Ð     Ð125866487  ÐYÐYÐ0125866239Ð0125866239Ð0125866239Ð0125866487Ð0000000000Ð0181250ÐKR530785  Ð0000000000000000Ð180Ð180Ð   Ð&lt;/Value&gt;&lt;/Column>&lt;Column>&lt;Name>DFACST&lt;/Name>&lt;Value>I&lt;/Value>&lt;/Column>&lt;Column>&lt;Name>DFADST&lt;/Name>&lt;Value>1&lt;/Value>&lt;/Column>&lt;Column>&lt;Name>DFEGTX&lt;/Name>&lt;Value>2014-08-05 18:48:25.770&lt;/Value>&lt;/Column>&lt;Column>&lt;Name>DFABNB&lt;/Name>&lt;Value>1&lt;/Value>&lt;/Column>&lt;Column>&lt;Name>DFAEST&lt;/Name>&lt;Value>A&lt;/Value>&lt;/Column>&lt;Column>&lt;Name>DFA6ST&lt;/Name>&lt;Value/>&lt;/Column>&lt;Column>&lt;Name>DFA7ST&lt;/Name>&lt;Value/>&lt;/Column>&lt;Column>&lt;Name>DFA8ST&lt;/Name>&lt;Value/>&lt;/Column>&lt;Column>&lt;Name>DFBFST&lt;/Name>&lt;Value/>&lt;/Column>&lt;Column>&lt;Name>DFA9ST&lt;/Name>&lt;Value>Y&lt;/Value>&lt;/Column>&lt;Column>&lt;Name>DFBGST&lt;/Name>&lt;Value>1&lt;/Value>&lt;/Column>&lt;Column>&lt;Name>DFBAST&lt;/Name>&lt;Value/>&lt;/Column>&lt;Column>&lt;Name>DFBHST&lt;/Name>&lt;Value/>&lt;/Column>&lt;Column>&lt;Name>DFBBST&lt;/Name>&lt;Value/>&lt;/Column>&lt;Column>&lt;Name>DFBIST&lt;/Name>&lt;Value/>&lt;/Column>&lt;Column>&lt;Name>DFBCST&lt;/Name>&lt;Value/>&lt;/Column>&lt;Column>&lt;Name>DFBJST&lt;/Name>&lt;Value/>&lt;/Column>&lt;Column>&lt;Name>DFBDST&lt;/Name>&lt;Value/>&lt;/Column>&lt;Column>&lt;Name>DFBKST&lt;/Name>&lt;Value/>&lt;/Column>&lt;Column>&lt;Name>DFBEST&lt;/Name>&lt;Value/>&lt;/Column>&lt;Column>&lt;Name>DFBLST&lt;/Name>&lt;Value/>&lt;/Column>&lt;Column>&lt;Name>DFBMST&lt;/Name>&lt;Value/>&lt;/Column>&lt;Column>&lt;Name>DFBOST&lt;/Name>&lt;Value/>&lt;/Column>&lt;Column>&lt;Name>DFBNST&lt;/Name>&lt;Value/>&lt;/Column>&lt;Column>&lt;Name>DFBPST&lt;/Name>&lt;Value/>&lt;/Column>&lt;Column>&lt;Name>DFBJNB&lt;/Name>&lt;Value>1&lt;/Value>&lt;/Column>&lt;Column>&lt;Name>DFBKNB&lt;/Name>&lt;Value>0&lt;/Value>&lt;/Column>&lt;/Row>&lt;/ResultSet>&lt;/ReturnedResultSets>&lt;/call>&lt;/xsl:param>
  &lt;xsl:template match="/">&lt;xsl:copy-of select="$RequestXML/ReturnedResultSets/ResultSet/Row[$varCounter]"/>
  &lt;/xsl:template>
&lt;/xsl:stylesheet></Property>
	<Property name="xslt.source"></Property>
	<Property name="xslt.target"></Property>
	<Property name="xslt.saveAtServer">false</Property>
</Properties>