<?xml version='1.0' encoding='UTF-8'?>

<Properties version="4.1">
	<Property name="xslt.ignoreInput">false</Property>
	<Property name="xslt.params" type="List">
		<Property name="varSchema">varSchema</Property>
	</Property>
	<Property name="xslt.transformer">net.sf.saxon.TransformerFactoryImpl</Property>
	<Property name="xslt.base64Zipped">true</Property>
	<Property name="xslt.stylesheet" type="XmlDocument">&lt;?xml version="1.0" encoding="UTF-8"?>
&lt;xsl:stylesheet xmlns:xsl="http://www.w3.org/1999/XSL/Transform" xmlns:xs="http://www.w3.org/2001/XMLSchema" xmlns:xsi="http://www.w3.org/2001/XMLSchema-instance" xmlns:isxp="com.inubit.ibis.xsltext.ISFunctions" version="2.0" exclude-result-prefixes="xs isxp">
  &lt;xsl:output method="xml" encoding="UTF-8"/>&lt;xsl:param name="varSchema">OMQADTAKOR&lt;/xsl:param>
  &lt;xsl:template match="/">&lt;queries xmlns:fn="http://www.w3.org/2005/xpath-functions">&lt;query type="call">&lt;method name="{concat($varSchema, '.SPGETXDFCBUFLARGEBATCH')}">&lt;parameter direction="IN" type="VARCHAR">&lt;xsl:value-of select="isxp:serialize(/ResultSet)"/>&lt;/parameter>&lt;parameter direction="OUT" type="VARCHAR"/>&lt;parameter direction="OUT" type="VARCHAR"/>&lt;parameter direction="OUT" type="VARCHAR"/>&lt;parameter direction="OUT" type="VARCHAR"/>&lt;/method>&lt;/query>&lt;/queries>
  &lt;/xsl:template>
&lt;/xsl:stylesheet></Property>
	<Property name="xslt.source"></Property>
	<Property name="xslt.target"></Property>
	<Property name="xslt.saveAtServer">false</Property>
</Properties>