<?xml version='1.0' encoding='UTF-8'?>

<Properties version="4.1">
	<Property name="IgnoreWaitingAndError" type="Boolean">true</Property>
	<Property name="WorkflowName">Apac-Stg-LB-RecordDistWrapperLo</Property>
	<Property name="ErrorHandling" type="Boolean">true</Property>
	<Property name="CreateNewProcessId" type="Boolean">false</Property>
	<Property name="ModuleNameAndId">WC-RecordDistributorLo(2133993789)</Property>
	<Property name="SynchronousMode" type="Boolean">false</Property>
</Properties>