<?xml version='1.0' encoding='UTF-8'?>

<Properties version="4.1">
	<Property name="IgnoreWaitingAndError" type="Boolean">false</Property>
	<Property name="WorkflowName">Apac-Stg-LB-RecordDistWrapperHi</Property>
	<Property name="ErrorHandling" type="Boolean">true</Property>
	<Property name="CreateNewProcessId" type="Boolean">false</Property>
	<Property name="ModuleNameAndId">WC-RecordDistributor(2133991873)</Property>
	<Property name="SynchronousMode" type="Boolean">false</Property>
</Properties>