<?xml version='1.0' encoding='UTF-8'?>

<Properties version="4.1">
	<Property name="CreateNewProcessId" type="Boolean">false</Property>
	<Property name="ErrorHandling" type="Boolean">true</Property>
	<Property name="ErrorSuppression" type="Boolean">true</Property>
	<Property name="IgnoreWaitingAndError" type="Boolean">true</Property>
	<Property name="ModuleNameAndId">ErrMsgBuilder(2133998170)</Property>
	<Property name="SynchronousMode" type="Boolean">false</Property>
	<Property name="WorkflowName">Apac-Stg-ReplicationErrorLogger</Property>
</Properties>